# Ontology	ID	Desc	BinomRank	BinomP	BinomBonfP	BinomFdrQ	RegionFoldEnrich	ExpRegions	ObsRegions	GenomeFrac	SetCov	HyperRank	HyperP	HyperBonfP	HyperFdrQ	GeneFoldEnrich	ExpGenes	ObsGenes	TotalGenes	GeneSetCov	TermCov	Regions	Genes
Ensembl Genes	14053	Spsb1	1	0.000003876937	0.08294707	0.08294707	22.34213	0.2237924	5	0.00004433289	0.0009904913	1	0.1602711	1	1	6.239428	0.1602711	1	1	0.0002916302	1	peak_3489,peak_3490,peak_3491,peak_3492,peak_3493	Spsb1
Ensembl Genes	2992	Rtn4rl1	2	0.00001890207	0.4044098	0.2022049	26.59058	0.1504292	4	0.00002979976	0.000792393	1	0.1602711	1	1	6.239428	0.1602711	1	1	0.0002916302	1	peak_829,peak_830,peak_831,peak_832	Rtn4rl1
Ensembl Genes	13945	Tmem51	3	0.00007342807	1	0.5236645	18.70328	0.2138663	4	0.00004236654	0.000792393	1	0.1602711	1	1	6.239428	0.1602711	1	1	0.0002916302	1	peak_3472,peak_3473,peak_3474,peak_3475	Tmem51
Ensembl Genes	18934	BC030870	4	0.00008190847	1	0.4381079	7.014948	0.9978691	7	0.0001976761	0.001386688	1	0.1602711	1	1	6.239428	0.1602711	1	1	0.0002916302	1	peak_4457,peak_4458,peak_4459,peak_4460,peak_4461,peak_4462,peak_4463	BC030870
Ensembl Genes	14902	Cmklr1	5	0.00008671836	1	0.3710679	17.90758	0.2233691	4	0.00004424904	0.000792393	1	0.1602711	1	1	6.239428	0.1602711	1	1	0.0002916302	1	peak_3758,peak_3759,peak_3760,peak_3761	Cmklr1
Ensembl Genes	778	Cfhr1	6	0.0001698036	1	0.6054913	15.00948	0.2664982	4	0.00005279283	0.000792393	1	0.1602711	1	1	6.239428	0.1602711	1	1	0.0002916302	1	peak_317,peak_318,peak_319,peak_320	Cfhr1
Ensembl Genes	7633	Olig1	7	0.0004147708	1	1	21.37331	0.140362	3	0.00002780546	0.0005942948	1	0.1602711	1	1	6.239428	0.1602711	1	1	0.0002916302	1	peak_1986,peak_1987,peak_1988	Olig1
Ensembl Genes	9919	Col17a1	8	0.0004525637	1	1	20.73889	0.1446558	3	0.00002865606	0.0005942948	1	0.1602711	1	1	6.239428	0.1602711	1	1	0.0002916302	1	peak_2455,peak_2456,peak_2457	Col17a1
Ensembl Genes	14958	Rab35	9	0.0005903602	1	1	18.91491	0.158605	3	0.00003141938	0.0005942948	1	0.1602711	1	1	6.239428	0.1602711	1	1	0.0002916302	1	peak_3771,peak_3772,peak_3773	Rab35
Ensembl Genes	18595	Ccl25	10	0.0006049555	1	1	18.75528	0.159955	3	0.0000316868	0.0005942948	1	0.1602711	1	1	6.239428	0.1602711	1	1	0.0002916302	1	peak_4338,peak_4339,peak_4340	Ccl25
Ensembl Genes	20748	Mobp	11	0.0006969879	1	1	17.85479	0.1680221	3	0.00003328489	0.0005942948	1	0.1602711	1	1	6.239428	0.1602711	1	1	0.0002916302	1	peak_4814,peak_4815,peak_4816	Mobp
Ensembl Genes	6829	Irak4	12	0.0009470665	1	1	45.27951	0.04417009	2	0.000008750017	0.0003961965	1	0.1602711	1	1	6.239428	0.1602711	1	1	0.0002916302	1	peak_1785,peak_1786	Irak4
Ensembl Genes	14843	Vmn2r9	13	0.0009686712	1	1	15.91868	0.1884579	3	0.00003733318	0.0005942948	1	0.1602711	1	1	6.239428	0.1602711	1	1	0.0002916302	1	peak_3737,peak_3738,peak_3739	Vmn2r9
Ensembl Genes	12862	2610301B20Rik	14	0.001006846	1	1	5.410169	1.109023	6	0.0002196955	0.00118859	1	0.1602711	1	1	6.239428	0.1602711	1	1	0.0002916302	1	peak_3118,peak_3119,peak_3120,peak_3121,peak_3122,peak_3123	2610301B20Rik
Ensembl Genes	13813	Man1c1	15	0.001245074	1	1	14.57827	0.2057858	3	0.0000407658	0.0005942948	1	0.1602711	1	1	6.239428	0.1602711	1	1	0.0002916302	1	peak_3447,peak_3448,peak_3449	Man1c1
Ensembl Genes	20460	Spsb4	16	0.001343089	1	1	14.19514	0.2113399	3	0.00004186607	0.0005942948	1	0.1602711	1	1	6.239428	0.1602711	1	1	0.0002916302	1	peak_4767,peak_4768,peak_4769	Spsb4
Ensembl Genes	2314	Ddc	17	0.001462627	1	1	13.77545	0.2177788	3	0.00004314159	0.0005942948	1	0.1602711	1	1	6.239428	0.1602711	1	1	0.0002916302	1	peak_705,peak_706,peak_707	Ddc
Ensembl Genes	12786	Ssx2ip	18	0.001482155	1	1	13.71122	0.2187988	3	0.00004334367	0.0005942948	1	0.1602711	1	1	6.239428	0.1602711	1	1	0.0002916302	1	peak_3078,peak_3079,peak_3080	Ssx2ip
Ensembl Genes	4515	Akr1e1	19	0.001675351	1	1	4.888645	1.227334	6	0.0002431327	0.00118859	1	0.1602711	1	1	6.239428	0.1602711	1	1	0.0002916302	1	peak_1166,peak_1167,peak_1168,peak_1169,peak_1170,peak_1171	Akr1e1
Ensembl Genes	9	Atp6v1h	20	0.001675751	1	1	8.096743	0.4940258	4	0.00009786565	0.000792393	1	0.1602711	1	1	6.239428	0.1602711	1	1	0.0002916302	1	peak_4,peak_5,peak_6,peak_7	Atp6v1h
Ensembl Genes	18365	Fam53b	21	0.001723004	1	1	13.00163	0.2307404	3	0.00004570926	0.0005942948	1	0.1602711	1	1	6.239428	0.1602711	1	1	0.0002916302	1	peak_4316,peak_4317,peak_4318	Fam53b
Ensembl Genes	8083	Rnf8	22	0.001847006	1	1	32.2316	0.0620509	2	0.00001229218	0.0003961965	1	0.1602711	1	1	6.239428	0.1602711	1	1	0.0002916302	1	peak_2088,peak_2089	Rnf8
Ensembl Genes	56	Crispld1	23	0.001996245	1	1	7.712804	0.5186181	4	0.0001027373	0.000792393	1	0.1602711	1	1	6.239428	0.1602711	1	1	0.0002916302	1	peak_44,peak_45,peak_46,peak_47	Crispld1
Ensembl Genes	8627	Epb41l3	24	0.002032089	1	1	7.674685	0.521194	4	0.0001032476	0.000792393	1	0.1602711	1	1	6.239428	0.1602711	1	1	0.0002916302	1	peak_2176,peak_2177,peak_2178,peak_2179	Epb41l3
Ensembl Genes	21601	Prps1	25	0.002072518	1	1	12.17835	0.2463389	3	0.0000487993	0.0005942948	1	0.1602711	1	1	6.239428	0.1602711	1	1	0.0002916302	1	peak_5008,peak_5009,peak_5010	Prps1
Ensembl Genes	9898	Arl3	26	0.002232954	1	1	29.25275	0.06836963	2	0.00001354391	0.0003961965	1	0.1602711	1	1	6.239428	0.1602711	1	1	0.0002916302	1	peak_2448,peak_2449	Arl3
Ensembl Genes	328	March4	27	0.002490148	1	1	11.40861	0.2629594	3	0.0000520918	0.0005942948	1	0.1602711	1	1	6.239428	0.1602711	1	1	0.0002916302	1	peak_176,peak_177,peak_178	March4
Ensembl Genes	12894	Mmp16	28	0.002545126	1	1	3.19057	2.820813	9	0.0005587981	0.001782884	1	0.1602711	1	1	6.239428	0.1602711	1	1	0.0002916302	1	peak_3141,peak_3142,peak_3143,peak_3144,peak_3145,peak_3146,peak_3147,peak_3148,peak_3149	Mmp16
Ensembl Genes	3745	Sec14l1	29	0.002617952	1	1	11.20676	0.2676956	3	0.00005303003	0.0005942948	1	0.1602711	1	1	6.239428	0.1602711	1	1	0.0002916302	1	peak_913,peak_914,peak_915	Sec14l1
Ensembl Genes	9948	Tcf7l2	30	0.002645722	1	1	5.398186	0.9262371	5	0.000183486	0.0009904913	1	0.1602711	1	1	6.239428	0.1602711	1	1	0.0002916302	1	peak_2480,peak_2481,peak_2482,peak_2483,peak_2484	Tcf7l2
Ensembl Genes	17097	Fcgbp	31	0.00272143	1	1	26.43378	0.07566077	2	0.00001498827	0.0003961965	1	0.1602711	1	1	6.239428	0.1602711	1	1	0.0002916302	1	peak_4189,peak_4190	Fcgbp
Ensembl Genes	606	Gm28363	32	0.002722595	1	1	5.361883	0.9325082	5	0.0001847282	0.0009904913	1	0.1602711	1	1	6.239428	0.1602711	1	1	0.0002916302	1	peak_271,peak_272,peak_273,peak_274,peak_275	Gm28363
Ensembl Genes	8380	Pgk2	33	0.002835921	1	1	10.89112	0.2754539	3	0.00005456693	0.0005942948	1	0.1602711	1	1	6.239428	0.1602711	1	1	0.0002916302	1	peak_2114,peak_2115,peak_2116	Pgk2
Ensembl Genes	3616	Pitpnc1	34	0.002868035	1	1	10.84734	0.2765654	3	0.00005478713	0.0005942948	1	0.1602711	1	1	6.239428	0.1602711	1	1	0.0002916302	1	peak_883,peak_884,peak_885	Pitpnc1
Ensembl Genes	14926	Tchp	35	0.00293341	1	1	25.43576	0.07862946	2	0.00001557636	0.0003961965	1	0.1602711	1	1	6.239428	0.1602711	1	1	0.0002916302	1	peak_3768,peak_3769	Tchp
Ensembl Genes	14960	Cit	36	0.002944326	1	1	10.74592	0.2791757	3	0.00005530422	0.0005942948	1	0.1602711	1	1	6.239428	0.1602711	1	1	0.0002916302	1	peak_3774,peak_3775,peak_3776	Cit
Ensembl Genes	13250	Lurap1l	37	0.002979289	1	1	6.894401	0.5801809	4	0.0001149328	0.000792393	1	0.1602711	1	1	6.239428	0.1602711	1	1	0.0002916302	1	peak_3306,peak_3307,peak_3308,peak_3309	Lurap1l
Ensembl Genes	13703	Zbtb8b	38	0.003002096	1	1	25.13527	0.07956946	2	0.00001576257	0.0003961965	1	0.1602711	1	1	6.239428	0.1602711	1	1	0.0002916302	1	peak_3435,peak_3436	Zbtb8b
Ensembl Genes	3081	Gm9964	39	0.003121571	1	1	24.63643	0.0811806	2	0.00001608173	0.0003961965	1	0.1602711	1	1	6.239428	0.1602711	1	1	0.0002916302	1	peak_839,peak_840	Gm9964
Ensembl Genes	10323	Rpl12	40	0.003146446	1	1	24.53616	0.08151236	2	0.00001614746	0.0003961965	1	0.1602711	1	1	6.239428	0.1602711	1	1	0.0002916302	1	peak_2554,peak_2555	Rpl12
Ensembl Genes	19603	Gm10715	41	0.003175466	1	1	10.45884	0.2868386	3	0.00005682223	0.0005942948	1	0.1602711	1	1	6.239428	0.1602711	1	1	0.0002916302	1	peak_4602,peak_4603,peak_4604	Gm10715
Ensembl Genes	4089	Vcpkmt	42	0.003432166	1	1	10.17097	0.2949573	3	0.00005843052	0.0005942948	1	0.1602711	1	1	6.239428	0.1602711	1	1	0.0002916302	1	peak_1050,peak_1051,peak_1052	Vcpkmt
Ensembl Genes	11386	Sdcbp2	43	0.003482783	1	1	23.28764	0.08588246	2	0.00001701317	0.0003961965	1	0.1602711	1	1	6.239428	0.1602711	1	1	0.0002916302	1	peak_2734,peak_2735	Sdcbp2
Ensembl Genes	7548	Hspa13	44	0.003653231	1	1	9.945122	0.3016554	3	0.00005975741	0.0005942948	1	0.1602711	1	1	6.239428	0.1602711	1	1	0.0002916302	1	peak_1949,peak_1950,peak_1951	Hspa13
Ensembl Genes	17428	Slc6a21	45	0.003680525	1	1	22.63487	0.08835924	2	0.00001750381	0.0003961965	1	0.1602711	1	1	6.239428	0.1602711	1	1	0.0002916302	1	peak_4217,peak_4218	Slc6a21
Ensembl Genes	13691	Ak2	46	0.003926826	1	1	21.89179	0.09135844	2	0.00001809795	0.0003961965	1	0.1602711	1	1	6.239428	0.1602711	1	1	0.0002916302	1	peak_3432,peak_3433	Ak2
Ensembl Genes	4039	Ppp2r3c	47	0.003951341	1	1	21.82166	0.09165207	2	0.00001815612	0.0003961965	1	0.1602711	1	1	6.239428	0.1602711	1	1	0.0002916302	1	peak_1023,peak_1024	Ppp2r3c
Ensembl Genes	14912	Svop	48	0.003989208	1	1	21.71459	0.09210395	2	0.00001824563	0.0003961965	1	0.1602711	1	1	6.239428	0.1602711	1	1	0.0002916302	1	peak_3764,peak_3765	Svop
Ensembl Genes	10453	Baz2b	49	0.004012427	1	1	9.614471	0.3120296	3	0.00006181253	0.0005942948	1	0.1602711	1	1	6.239428	0.1602711	1	1	0.0002916302	1	peak_2607,peak_2608,peak_2609	Baz2b
Ensembl Genes	7263	Adipoq	50	0.004020492	1	1	21.62729	0.09247575	2	0.00001831929	0.0003961965	1	0.1602711	1	1	6.239428	0.1602711	1	1	0.0002916302	1	peak_1837,peak_1838	Adipoq
Ensembl Genes	18299	Bcl7c	51	0.004125595	1	1	21.34128	0.09371509	2	0.0000185648	0.0003961965	1	0.1602711	1	1	6.239428	0.1602711	1	1	0.0002916302	1	peak_4308,peak_4309	Bcl7c
Ensembl Genes	17682	Vmn2r65	52	0.004176986	1	1	21.20538	0.0943157	2	0.00001868378	0.0003961965	1	0.1602711	1	1	6.239428	0.1602711	1	1	0.0002916302	1	peak_4246,peak_4247	Vmn2r65
Ensembl Genes	2034	Hmga2	53	0.00422527	1	1	6.243424	0.6406741	4	0.0001269164	0.000792393	1	0.1602711	1	1	6.239428	0.1602711	1	1	0.0002916302	1	peak_667,peak_668,peak_669,peak_670	Hmga2
Ensembl Genes	9175	Cidea	54	0.004386523	1	1	20.6762	0.09672955	2	0.00001916196	0.0003961965	1	0.1602711	1	1	6.239428	0.1602711	1	1	0.0002916302	1	peak_2322,peak_2323	Cidea
Ensembl Genes	611	Gm29106	55	0.004658802	1	1	9.108643	0.3293575	3	0.00006524515	0.0005942948	1	0.1602711	1	1	6.239428	0.1602711	1	1	0.0002916302	1	peak_276,peak_277,peak_278	Gm29106
Ensembl Genes	9176	Tubb6	56	0.004739411	1	1	19.86563	0.1006764	2	0.00001994381	0.0003961965	1	0.1602711	1	1	6.239428	0.1602711	1	1	0.0002916302	1	peak_2324,peak_2325	Tubb6
Ensembl Genes	20871	Glod5	57	0.004804174	1	1	19.72666	0.1013857	2	0.00002008432	0.0003961965	1	0.1602711	1	1	6.239428	0.1602711	1	1	0.0002916302	1	peak_4824,peak_4825	Glod5
Ensembl Genes	14648	Smr2	58	0.005036378	1	1	19.25059	0.1038929	2	0.00002058101	0.0003961965	1	0.1602711	1	1	6.239428	0.1602711	1	1	0.0002916302	1	peak_3686,peak_3687	Smr2
Ensembl Genes	8476	Ccnd3	59	0.005056748	1	1	19.2104	0.1041103	2	0.00002062407	0.0003961965	1	0.1602711	1	1	6.239428	0.1602711	1	1	0.0002916302	1	peak_2133,peak_2134	Ccnd3
Ensembl Genes	3652	Cdc42ep4	60	0.005087128	1	1	8.822277	0.3400483	3	0.00006736297	0.0005942948	1	0.1602711	1	1	6.239428	0.1602711	1	1	0.0002916302	1	peak_900,peak_901,peak_902	Cdc42ep4
Ensembl Genes	19419	Ddx19a	61	0.00529392	1	1	18.75964	0.1066119	2	0.00002111962	0.0003961965	1	0.1602711	1	1	6.239428	0.1602711	1	1	0.0002916302	1	peak_4551,peak_4552	Ddx19a
Ensembl Genes	4846	A830005F24Rik	62	0.005334182	1	1	18.68612	0.1070313	2	0.00002120272	0.0003961965	1	0.1602711	1	1	6.239428	0.1602711	1	1	0.0002916302	1	peak_1253,peak_1254	A830005F24Rik
Ensembl Genes	3759	Socs3	63	0.005385813	1	1	18.59304	0.1075671	2	0.00002130886	0.0003961965	1	0.1602711	1	1	6.239428	0.1602711	1	1	0.0002916302	1	peak_919,peak_920	Socs3
Ensembl Genes	5486	Kcnk16	64	0.005393182	1	1	18.57987	0.1076434	2	0.00002132396	0.0003961965	1	0.1602711	1	1	6.239428	0.1602711	1	1	0.0002916302	1	peak_1443,peak_1444	Kcnk16
Ensembl Genes	12352	Gm4778	65	0.00543601	1	1	18.50383	0.1080857	2	0.00002141159	0.0003961965	1	0.1602711	1	1	6.239428	0.1602711	1	1	0.0002916302	1	peak_2991,peak_2992	Gm4778
Ensembl Genes	9917	Stn1	66	0.005644027	1	1	18.1469	0.1102117	2	0.00002183274	0.0003961965	1	0.1602711	1	1	6.239428	0.1602711	1	1	0.0002916302	1	peak_2453,peak_2454	Stn1
Ensembl Genes	7438	Slc9c1	67	0.005814942	1	1	17.86807	0.1119315	2	0.00002217343	0.0003961965	1	0.1602711	1	1	6.239428	0.1602711	1	1	0.0002916302	1	peak_1881,peak_1882	Slc9c1
Ensembl Genes	10304	Fam102a	68	0.006009495	1	1	17.56527	0.113861	2	0.00002255567	0.0003961965	1	0.1602711	1	1	6.239428	0.1602711	1	1	0.0002916302	1	peak_2551,peak_2552	Fam102a
Ensembl Genes	18951	Lzts1	69	0.006046545	1	1	17.50927	0.1142252	2	0.00002262782	0.0003961965	1	0.1602711	1	1	6.239428	0.1602711	1	1	0.0002916302	1	peak_4471,peak_4472	Lzts1
Ensembl Genes	21747	Glra2	70	0.006158416	1	1	4.407696	1.13438	5	0.0002247186	0.0009904913	1	0.1602711	1	1	6.239428	0.1602711	1	1	0.0002916302	1	peak_5038,peak_5039,peak_5040,peak_5041,peak_5042	Glra2
Ensembl Genes	1928	Csl	71	0.006253478	1	1	5.576544	0.7172901	4	0.0001420939	0.000792393	1	0.1602711	1	1	6.239428	0.1602711	1	1	0.0002916302	1	peak_619,peak_620,peak_621,peak_622	Csl
Ensembl Genes	15071	Vps37b	72	0.006277363	1	1	17.17161	0.1164713	2	0.00002307276	0.0003961965	1	0.1602711	1	1	6.239428	0.1602711	1	1	0.0002916302	1	peak_3812,peak_3813	Vps37b
Ensembl Genes	331	Rpl37a	73	0.006452981	1	1	16.92693	0.1181549	2	0.00002340628	0.0003961965	1	0.1602711	1	1	6.239428	0.1602711	1	1	0.0002916302	1	peak_179,peak_180	Rpl37a
Ensembl Genes	18945	Sh2d4a	74	0.006490168	1	1	5.516612	0.7250827	4	0.0001436376	0.000792393	1	0.1602711	1	1	6.239428	0.1602711	1	1	0.0002916302	1	peak_4467,peak_4468,peak_4469,peak_4470	Sh2d4a
Ensembl Genes	12880	Fam92a	75	0.006666737	1	1	5.473648	0.7307741	4	0.0001447651	0.000792393	1	0.1602711	1	1	6.239428	0.1602711	1	1	0.0002916302	1	peak_3124,peak_3125,peak_3126,peak_3127	Fam92a
Ensembl Genes	4884	Auh	76	0.006860693	1	1	7.90857	0.3793353	3	0.00007514567	0.0005942948	1	0.1602711	1	1	6.239428	0.1602711	1	1	0.0002916302	1	peak_1265,peak_1266,peak_1267	Auh
Ensembl Genes	2563	Tcf7	77	0.006934682	1	1	16.30417	0.122668	2	0.00002430031	0.0003961965	1	0.1602711	1	1	6.239428	0.1602711	1	1	0.0002916302	1	peak_792,peak_793	Tcf7
Ensembl Genes	16808	Psg28	78	0.006986069	1	1	16.24156	0.1231408	2	0.00002439399	0.0003961965	1	0.1602711	1	1	6.239428	0.1602711	1	1	0.0002916302	1	peak_4174,peak_4175	Psg28
Ensembl Genes	20646	Fbxw15	79	0.007091662	1	1	16.11506	0.1241075	2	0.00002458549	0.0003961965	1	0.1602711	1	1	6.239428	0.1602711	1	1	0.0002916302	1	peak_4798,peak_4799	Fbxw15
Ensembl Genes	20048	Cep164	80	0.00735844	1	1	7.707354	0.3892386	3	0.00007710749	0.0005942948	1	0.1602711	1	1	6.239428	0.1602711	1	1	0.0002916302	1	peak_4683,peak_4684,peak_4685	Cep164
Ensembl Genes	10435	Rprm	81	0.007385081	1	1	4.215001	1.186239	5	0.0002349919	0.0009904913	1	0.1602711	1	1	6.239428	0.1602711	1	1	0.0002916302	1	peak_2590,peak_2591,peak_2592,peak_2593,peak_2594	Rprm
Ensembl Genes	11680	Zfp217	82	0.007524716	1	1	5.283334	0.7570977	4	0.0001499797	0.000792393	1	0.1602711	1	1	6.239428	0.1602711	1	1	0.0002916302	1	peak_2776,peak_2777,peak_2778,peak_2779	Zfp217
Ensembl Genes	14182	Cfap69	83	0.00760755	1	1	15.53533	0.1287388	2	0.00002550294	0.0003961965	1	0.1602711	1	1	6.239428	0.1602711	1	1	0.0002916302	1	peak_3514,peak_3515	Cfap69
Ensembl Genes	4453	Rd3l	84	0.007616184	1	1	15.52613	0.1288151	2	0.00002551805	0.0003961965	1	0.1602711	1	1	6.239428	0.1602711	1	1	0.0002916302	1	peak_1142,peak_1143	Rd3l
Ensembl Genes	14114	Morn1	85	0.007735345	1	1	15.40075	0.1298638	2	0.00002572579	0.0003961965	1	0.1602711	1	1	6.239428	0.1602711	1	1	0.0002916302	1	peak_3509,peak_3510	Morn1
Ensembl Genes	6364	Grhl2	86	0.007850251	1	1	7.525578	0.3986405	3	0.00007896998	0.0005942948	1	0.1602711	1	1	6.239428	0.1602711	1	1	0.0002916302	1	peak_1684,peak_1685,peak_1686	Grhl2
Ensembl Genes	15090	Ccdc92	87	0.007886684	1	1	15.24563	0.1311851	2	0.00002598754	0.0003961965	1	0.1602711	1	1	6.239428	0.1602711	1	1	0.0002916302	1	peak_3817,peak_3818	Ccdc92
Ensembl Genes	8742	Ston1	88	0.00798964	1	1	15.14263	0.1320774	2	0.00002616431	0.0003961965	1	0.1602711	1	1	6.239428	0.1602711	1	1	0.0002916302	1	peak_2219,peak_2220	Ston1
Ensembl Genes	7653	Rcan1	89	0.008003104	1	1	15.12931	0.1321937	2	0.00002618735	0.0003961965	1	0.1602711	1	1	6.239428	0.1602711	1	1	0.0002916302	1	peak_1994,peak_1995	Rcan1
Ensembl Genes	9274	Tmx3	90	0.008056765	1	1	5.178391	0.7724407	4	0.0001530192	0.000792393	1	0.1602711	1	1	6.239428	0.1602711	1	1	0.0002916302	1	peak_2369,peak_2370,peak_2371,peak_2372	Tmx3
Ensembl Genes	7110	Ercc4	91	0.008068254	1	1	4.123537	1.212551	5	0.0002402043	0.0009904913	1	0.1602711	1	1	6.239428	0.1602711	1	1	0.0002916302	1	peak_1814,peak_1815,peak_1816,peak_1817,peak_1818	Ercc4
Ensembl Genes	14981	Tbx3	92	0.008120015	1	1	4.116985	1.214481	5	0.0002405866	0.0009904913	1	0.1602711	1	1	6.239428	0.1602711	1	1	0.0002916302	1	peak_3790,peak_3791,peak_3792,peak_3793,peak_3794	Tbx3
Ensembl Genes	1551	Rhobtb1	93	0.008133416	1	1	15.00208	0.1333149	2	0.00002640944	0.0003961965	1	0.1602711	1	1	6.239428	0.1602711	1	1	0.0002916302	1	peak_549,peak_550	Rhobtb1
Ensembl Genes	7726	Tagap	94	0.008226856	1	1	14.91271	0.1341138	2	0.0000265677	0.0003961965	1	0.1602711	1	1	6.239428	0.1602711	1	1	0.0002916302	1	peak_2025,peak_2026	Tagap
Ensembl Genes	19501	Foxl1	95	0.008243841	1	1	7.390686	0.4059163	3	0.00008041132	0.0005942948	1	0.1602711	1	1	6.239428	0.1602711	1	1	0.0002916302	1	peak_4577,peak_4578,peak_4579	Foxl1
Ensembl Genes	11677	Zfp64	96	0.008409741	1	1	5.113414	0.7822563	4	0.0001549636	0.000792393	1	0.1602711	1	1	6.239428	0.1602711	1	1	0.0002916302	1	peak_2772,peak_2773,peak_2774,peak_2775	Zfp64
Ensembl Genes	12521	Fam19a3	97	0.008419026	1	1	14.73362	0.135744	2	0.00002689065	0.0003961965	1	0.1602711	1	1	6.239428	0.1602711	1	1	0.0002916302	1	peak_3012,peak_3013	Fam19a3
Ensembl Genes	809	Rnf2	98	0.008469024	1	1	14.68802	0.1361654	2	0.00002697412	0.0003961965	1	0.1602711	1	1	6.239428	0.1602711	1	1	0.0002916302	1	peak_341,peak_342	Rnf2
Ensembl Genes	17021	Pou2f2	99	0.008535063	1	1	14.62842	0.1367202	2	0.00002708403	0.0003961965	1	0.1602711	1	1	6.239428	0.1602711	1	1	0.0002916302	1	peak_4185,peak_4186	Pou2f2
Ensembl Genes	20492	Pccb	100	0.008536154	1	1	7.295927	0.4111883	3	0.00008145569	0.0005942948	1	0.1602711	1	1	6.239428	0.1602711	1	1	0.0002916302	1	peak_4775,peak_4776,peak_4777	Pccb
Ensembl Genes	569	Pdcd1	101	0.008623803	1	1	4.055707	1.232831	5	0.0002442216	0.0009904913	1	0.1602711	1	1	6.239428	0.1602711	1	1	0.0002916302	1	peak_217,peak_218,peak_219,peak_220,peak_221	Pdcd1
Ensembl Genes	19492	Gins2	102	0.008836835	1	1	14.36459	0.1392313	2	0.00002758148	0.0003961965	1	0.1602711	1	1	6.239428	0.1602711	1	1	0.0002916302	1	peak_4573,peak_4574	Gins2
Ensembl Genes	2817	Dnah2	103	0.008892801	1	1	14.31714	0.1396927	2	0.00002767288	0.0003961965	1	0.1602711	1	1	6.239428	0.1602711	1	1	0.0002916302	1	peak_820,peak_821	Dnah2
Ensembl Genes	13205	Rgs3	104	0.009018805	1	1	7.148552	0.4196654	3	0.00008313498	0.0005942948	1	0.1602711	1	1	6.239428	0.1602711	1	1	0.0002916302	1	peak_3256,peak_3257,peak_3258	Rgs3
Ensembl Genes	19527	Acsf3	105	0.009163976	1	1	14.09342	0.1419102	2	0.00002811216	0.0003961965	1	0.1602711	1	1	6.239428	0.1602711	1	1	0.0002916302	1	peak_4588,peak_4589	Acsf3
Ensembl Genes	9117	Ndst1	106	0.009319261	1	1	13.96973	0.1431667	2	0.00002836107	0.0003961965	1	0.1602711	1	1	6.239428	0.1602711	1	1	0.0002916302	1	peak_2308,peak_2309	Ndst1
Ensembl Genes	1610	Slc19a1	107	0.009526537	1	1	13.80936	0.1448293	2	0.00002869043	0.0003961965	1	0.1602711	1	1	6.239428	0.1602711	1	1	0.0002916302	1	peak_572,peak_573	Slc19a1
Ensembl Genes	1984	Tph2	108	0.009574367	1	1	6.991383	0.4290996	3	0.00008500389	0.0005942948	1	0.1602711	1	1	6.239428	0.1602711	1	1	0.0002916302	1	peak_652,peak_653,peak_654	Tph2
Ensembl Genes	19502	1700018B08Rik	109	0.009618183	1	1	6.979505	0.4298299	3	0.00008514855	0.0005942948	1	0.1602711	1	1	6.239428	0.1602711	1	1	0.0002916302	1	peak_4580,peak_4581,peak_4582	1700018B08Rik
Ensembl Genes	14037	Casz1	110	0.009947441	1	1	6.892491	0.4352563	3	0.00008622351	0.0005942948	1	0.1602711	1	1	6.239428	0.1602711	1	1	0.0002916302	1	peak_3484,peak_3485,peak_3486	Casz1
Ensembl Genes	7542	Speer2	111	0.01010451	1	1	2.996737	2.335874	7	0.0004627326	0.001386688	1	0.1602711	1	1	6.239428	0.1602711	1	1	0.0002916302	1	peak_1934,peak_1935,peak_1936,peak_1937,peak_1938,peak_1939,peak_1940	Speer2
Ensembl Genes	11695	Tfap2c	112	0.01023525	1	1	6.81951	0.4399143	3	0.00008714626	0.0005942948	1	0.1602711	1	1	6.239428	0.1602711	1	1	0.0002916302	1	peak_2783,peak_2784,peak_2785	Tfap2c
Ensembl Genes	7245	Map3k13	113	0.01047725	1	1	13.13579	0.1522558	2	0.00003016161	0.0003961965	1	0.1602711	1	1	6.239428	0.1602711	1	1	0.0002916302	1	peak_1833,peak_1834	Map3k13
Ensembl Genes	12007	Rfxap	114	0.0105519	1	1	13.08679	0.1528259	2	0.00003027454	0.0003961965	1	0.1602711	1	1	6.239428	0.1602711	1	1	0.0002916302	1	peak_2910,peak_2911	Rfxap
Ensembl Genes	12964	B4galt1	115	0.0107808	1	1	12.93972	0.1545629	2	0.00003061864	0.0003961965	1	0.1602711	1	1	6.239428	0.1602711	1	1	0.0002916302	1	peak_3203,peak_3204	B4galt1
Ensembl Genes	7806	Vmn2r97	116	0.01085892	1	1	6.670332	0.4497528	3	0.00008909524	0.0005942948	1	0.1602711	1	1	6.239428	0.1602711	1	1	0.0002916302	1	peak_2052,peak_2053,peak_2054	Vmn2r97
Ensembl Genes	12645	Alg14	117	0.01091421	1	1	12.85614	0.1555677	2	0.00003081769	0.0003961965	1	0.1602711	1	1	6.239428	0.1602711	1	1	0.0002916302	1	peak_3035,peak_3036	Alg14
Ensembl Genes	3990	Sostdc1	118	0.01093123	1	1	12.84559	0.1556955	2	0.000030843	0.0003961965	1	0.1602711	1	1	6.239428	0.1602711	1	1	0.0002916302	1	peak_979,peak_980	Sostdc1
Ensembl Genes	5124	Fam172a	119	0.01102994	1	1	4.717742	0.8478632	4	0.0001679602	0.000792393	1	0.1602711	1	1	6.239428	0.1602711	1	1	0.0002916302	1	peak_1322,peak_1323,peak_1324,peak_1325	Fam172a
Ensembl Genes	13474	Cyp4a29	120	0.01115476	1	1	12.70925	0.1573657	2	0.00003117387	0.0003961965	1	0.1602711	1	1	6.239428	0.1602711	1	1	0.0002916302	1	peak_3398,peak_3399	Cyp4a29
Ensembl Genes	2268	Ankrd36	121	0.01121019	1	1	12.67608	0.1577775	2	0.00003125546	0.0003961965	1	0.1602711	1	1	6.239428	0.1602711	1	1	0.0002916302	1	peak_695,peak_696	Ankrd36
Ensembl Genes	63	Il17a	122	0.01130103	1	1	12.62223	0.1584506	2	0.00003138879	0.0003961965	1	0.1602711	1	1	6.239428	0.1602711	1	1	0.0002916302	1	peak_58,peak_59	Il17a
Ensembl Genes	13147	Akap2	123	0.01150182	1	1	6.528027	0.4595569	3	0.00009103742	0.0005942948	1	0.1602711	1	1	6.239428	0.1602711	1	1	0.0002916302	1	peak_3247,peak_3248,peak_3249	Akap2
Ensembl Genes	10587	Itgav	124	0.01155936	1	1	12.47259	0.1603516	2	0.00003176536	0.0003961965	1	0.1602711	1	1	6.239428	0.1602711	1	1	0.0002916302	1	peak_2646,peak_2647	Itgav
Ensembl Genes	15550	Klf14	125	0.01157262	1	1	6.513003	0.460617	3	0.00009124742	0.0005942948	1	0.1602711	1	1	6.239428	0.1602711	1	1	0.0002916302	1	peak_3950,peak_3951,peak_3952	Klf14
Ensembl Genes	15112	Mmp17	126	0.01164779	1	1	12.42252	0.1609979	2	0.00003189341	0.0003961965	1	0.1602711	1	1	6.239428	0.1602711	1	1	0.0002916302	1	peak_3833,peak_3834	Mmp17
Ensembl Genes	21073	Rhox9	127	0.01169538	1	1	12.3958	0.1613449	2	0.00003196215	0.0003961965	1	0.1602711	1	1	6.239428	0.1602711	1	1	0.0002916302	1	peak_4858,peak_4859	Rhox9
Ensembl Genes	13566	Lao1	128	0.01180765	1	1	12.33342	0.162161	2	0.00003212381	0.0003961965	1	0.1602711	1	1	6.239428	0.1602711	1	1	0.0002916302	1	peak_3409,peak_3410	Lao1
Ensembl Genes	18128	Rras2	129	0.01192988	1	1	6.439013	0.4659099	3	0.00009229595	0.0005942948	1	0.1602711	1	1	6.239428	0.1602711	1	1	0.0002916302	1	peak_4291,peak_4292,peak_4293	Rras2
Ensembl Genes	18733	Tpte	130	0.01196399	1	1	12.24802	0.1632917	2	0.00003234779	0.0003961965	1	0.1602711	1	1	6.239428	0.1602711	1	1	0.0002916302	1	peak_4372,peak_4373	Tpte
Ensembl Genes	15911	Sema4f	131	0.01211831	1	1	12.16535	0.1644013	2	0.00003256762	0.0003961965	1	0.1602711	1	1	6.239428	0.1602711	1	1	0.0002916302	1	peak_4034,peak_4035	Sema4f
Ensembl Genes	7343	Itgb5	132	0.01219206	1	1	12.12639	0.1649295	2	0.00003267224	0.0003961965	1	0.1602711	1	1	6.239428	0.1602711	1	1	0.0002916302	1	peak_1856,peak_1857	Itgb5
Ensembl Genes	13252	Nfib	133	0.01238446	1	1	3.701639	1.350753	5	0.0002675818	0.0009904913	1	0.1602711	1	1	6.239428	0.1602711	1	1	0.0002916302	1	peak_3314,peak_3315,peak_3316,peak_3317,peak_3318	Nfib
Ensembl Genes	14881	Mn1	134	0.01242405	1	1	4.55216	0.8787037	4	0.0001740697	0.000792393	1	0.1602711	1	1	6.239428	0.1602711	1	1	0.0002916302	1	peak_3750,peak_3751,peak_3752,peak_3753	Mn1
Ensembl Genes	6750	Arhgap8	135	0.01246616	1	1	11.98466	0.16688	2	0.00003305864	0.0003961965	1	0.1602711	1	1	6.239428	0.1602711	1	1	0.0002916302	1	peak_1775,peak_1776	Arhgap8
Ensembl Genes	15448	C1galt1	136	0.01265842	1	1	6.29687	0.4764272	3	0.00009437939	0.0005942948	1	0.1602711	1	1	6.239428	0.1602711	1	1	0.0002916302	1	peak_3898,peak_3899,peak_3900	C1galt1
Ensembl Genes	20735	Exog	137	0.01271631	1	1	11.85932	0.1686437	2	0.00003340802	0.0003961965	1	0.1602711	1	1	6.239428	0.1602711	1	1	0.0002916302	1	peak_4811,peak_4812	Exog
Ensembl Genes	17627	Gdpgp1	138	0.01284597	1	1	77.34443	0.01292918	1	0.000002561248	0.0001980983	1	0.1602711	1	1	6.239428	0.1602711	1	1	0.0002916302	1	peak_4240	Gdpgp1
Ensembl Genes	704	Plekha6	139	0.01295631	1	1	11.74249	0.1703216	2	0.00003374041	0.0003961965	1	0.1602711	1	1	6.239428	0.1602711	1	1	0.0002916302	1	peak_306,peak_307	Plekha6
Ensembl Genes	12118	Ctso	140	0.01324979	1	1	4.464604	0.8959362	4	0.0001774834	0.000792393	1	0.1602711	1	1	6.239428	0.1602711	1	1	0.0002916302	1	peak_2969,peak_2970,peak_2971,peak_2972	Ctso
Ensembl Genes	12497	Sycp1	141	0.01334219	1	1	11.5613	0.1729909	2	0.0000342692	0.0003961965	1	0.1602711	1	1	6.239428	0.1602711	1	1	0.0002916302	1	peak_3008,peak_3009	Sycp1
Ensembl Genes	8596	Cntnap5c	142	0.01341122	1	1	3.626903	1.378587	5	0.0002730956	0.0009904913	1	0.1602711	1	1	6.239428	0.1602711	1	1	0.0002916302	1	peak_2154,peak_2155,peak_2156,peak_2157,peak_2158	Cntnap5c
Ensembl Genes	20083	Plet1	143	0.01365223	1	1	11.42132	0.1751111	2	0.00003468921	0.0003961965	1	0.1602711	1	1	6.239428	0.1602711	1	1	0.0002916302	1	peak_4694,peak_4695	Plet1
Ensembl Genes	2669	Obscn	144	0.01392578	1	1	11.30171	0.1769644	2	0.00003505635	0.0003961965	1	0.1602711	1	1	6.239428	0.1602711	1	1	0.0002916302	1	peak_805,peak_806	Obscn
Ensembl Genes	8837	Zfp397	145	0.01392889	1	1	11.30037	0.1769854	2	0.0000350605	0.0003961965	1	0.1602711	1	1	6.239428	0.1602711	1	1	0.0002916302	1	peak_2255,peak_2256	Zfp397
Ensembl Genes	10352	Dab2ip	146	0.01393118	1	1	6.072909	0.4939972	3	0.00009785998	0.0005942948	1	0.1602711	1	1	6.239428	0.1602711	1	1	0.0002916302	1	peak_2562,peak_2563,peak_2564	Dab2ip
Ensembl Genes	4337	Lgmn	147	0.01399907	1	1	11.27026	0.1774583	2	0.00003515417	0.0003961965	1	0.1602711	1	1	6.239428	0.1602711	1	1	0.0002916302	1	peak_1107,peak_1108	Lgmn
Ensembl Genes	1540	Reep3	148	0.01433006	1	1	3.099854	1.935575	6	0.000383434	0.00118859	1	0.1602711	1	1	6.239428	0.1602711	1	1	0.0002916302	1	peak_540,peak_541,peak_542,peak_543,peak_544,peak_545	Reep3
Ensembl Genes	12230	Dcst2	149	0.0144389	1	1	68.75624	0.01454413	1	0.000002881168	0.0001980983	1	0.1602711	1	1	6.239428	0.1602711	1	1	0.0002916302	1	peak_2983	Dcst2
Ensembl Genes	9454	Slc22a19	150	0.01456605	1	1	11.03502	0.1812411	2	0.00003590355	0.0003961965	1	0.1602711	1	1	6.239428	0.1602711	1	1	0.0002916302	1	peak_2378,peak_2379	Slc22a19
Ensembl Genes	12766	Sh3glb1	151	0.0146099	1	1	11.01741	0.1815309	2	0.00003596096	0.0003961965	1	0.1602711	1	1	6.239428	0.1602711	1	1	0.0002916302	1	peak_3076,peak_3077	Sh3glb1
Ensembl Genes	19487	Crispld2	152	0.01464253	1	1	11.00435	0.1817464	2	0.00003600364	0.0003961965	1	0.1602711	1	1	6.239428	0.1602711	1	1	0.0002916302	1	peak_4567,peak_4568	Crispld2
Ensembl Genes	10123	Rnf208	153	0.0146794	1	1	67.62153	0.01478819	1	0.000002929514	0.0001980983	1	0.1602711	1	1	6.239428	0.1602711	1	1	0.0002916302	1	peak_2529	Rnf208
Ensembl Genes	333	Igfbp5	154	0.01475307	1	1	10.96042	0.1824747	2	0.00003614793	0.0003961965	1	0.1602711	1	1	6.239428	0.1602711	1	1	0.0002916302	1	peak_181,peak_182	Igfbp5
Ensembl Genes	4387	Glrx5	155	0.01489219	1	1	10.90584	0.183388	2	0.00003632885	0.0003961965	1	0.1602711	1	1	6.239428	0.1602711	1	1	0.0002916302	1	peak_1115,peak_1116	Glrx5
Ensembl Genes	4435	Amn	156	0.01501815	1	1	10.85707	0.1842117	2	0.00003649202	0.0003961965	1	0.1602711	1	1	6.239428	0.1602711	1	1	0.0002916302	1	peak_1137,peak_1138	Amn
Ensembl Genes	16620	Vmn1r62	157	0.01503977	1	1	10.84876	0.1843528	2	0.00003651997	0.0003961965	1	0.1602711	1	1	6.239428	0.1602711	1	1	0.0002916302	1	peak_4148,peak_4149	Vmn1r62
Ensembl Genes	15327	Usp42	158	0.01532799	1	1	10.73969	0.1862252	2	0.00003689088	0.0003961965	1	0.1602711	1	1	6.239428	0.1602711	1	1	0.0002916302	1	peak_3863,peak_3864	Usp42
Ensembl Genes	14880	Pitpnb	159	0.01535125	1	1	5.853075	0.5125511	3	0.0001015355	0.0005942948	1	0.1602711	1	1	6.239428	0.1602711	1	1	0.0002916302	1	peak_3747,peak_3748,peak_3749	Pitpnb
Ensembl Genes	11668	Pard6b	160	0.01549844	1	1	10.67661	0.1873253	2	0.00003710882	0.0003961965	1	0.1602711	1	1	6.239428	0.1602711	1	1	0.0002916302	1	peak_2768,peak_2769	Pard6b
Ensembl Genes	4423	Dync1h1	161	0.01553814	1	1	10.66207	0.1875808	2	0.00003715943	0.0003961965	1	0.1602711	1	1	6.239428	0.1602711	1	1	0.0002916302	1	peak_1133,peak_1134	Dync1h1
Ensembl Genes	11635	Cdh22	162	0.01559124	1	1	10.64271	0.1879221	2	0.00003722704	0.0003961965	1	0.1602711	1	1	6.239428	0.1602711	1	1	0.0002916302	1	peak_2760,peak_2761	Cdh22
Ensembl Genes	12699	Lef1	163	0.01566239	1	1	5.808499	0.5164846	3	0.0001023147	0.0005942948	1	0.1602711	1	1	6.239428	0.1602711	1	1	0.0002916302	1	peak_3049,peak_3050,peak_3051	Lef1
Ensembl Genes	88	Phf3	164	0.01580775	1	1	3.031359	1.97931	6	0.0003920979	0.00118859	1	0.1602711	1	1	6.239428	0.1602711	1	1	0.0002916302	1	peak_76,peak_77,peak_78,peak_79,peak_80,peak_81	Phf3
Ensembl Genes	1280	Bclaf1	165	0.01583939	1	1	10.55351	0.1895104	2	0.00003754167	0.0003961965	1	0.1602711	1	1	6.239428	0.1602711	1	1	0.0002916302	1	peak_445,peak_446	Bclaf1
Ensembl Genes	7297	Tmem44	166	0.01588067	1	1	10.53888	0.1897735	2	0.0000375938	0.0003961965	1	0.1602711	1	1	6.239428	0.1602711	1	1	0.0002916302	1	peak_1846,peak_1847	Tmem44
Ensembl Genes	13132	Zfp462	167	0.01642876	1	1	3.441426	1.452886	5	0.0002878142	0.0009904913	1	0.1602711	1	1	6.239428	0.1602711	1	1	0.0002916302	1	peak_3237,peak_3238,peak_3239,peak_3240,peak_3241	Zfp462
Ensembl Genes	7645	Itsn1	168	0.01643085	1	1	10.34912	0.1932532	2	0.00003828312	0.0003961965	1	0.1602711	1	1	6.239428	0.1602711	1	1	0.0002916302	1	peak_1990,peak_1991	Itsn1
Ensembl Genes	426	Slc19a3	169	0.0164743	1	1	10.33454	0.1935258	2	0.00003833713	0.0003961965	1	0.1602711	1	1	6.239428	0.1602711	1	1	0.0002916302	1	peak_198,peak_199	Slc19a3
Ensembl Genes	7576	Map3k7cl	170	0.01648525	1	1	10.33087	0.1935945	2	0.00003835073	0.0003961965	1	0.1602711	1	1	6.239428	0.1602711	1	1	0.0002916302	1	peak_1976,peak_1977	Map3k7cl
Ensembl Genes	20124	Sln	171	0.01659093	1	1	10.29569	0.1942561	2	0.00003848179	0.0003961965	1	0.1602711	1	1	6.239428	0.1602711	1	1	0.0002916302	1	peak_4702,peak_4703	Sln
Ensembl Genes	2555	Jade2	172	0.01662296	1	1	10.28509	0.1944563	2	0.00003852145	0.0003961965	1	0.1602711	1	1	6.239428	0.1602711	1	1	0.0002916302	1	peak_790,peak_791	Jade2
Ensembl Genes	5477	Gm21738	173	0.01677776	1	1	5.657884	0.5302336	3	0.0001050384	0.0005942948	1	0.1602711	1	1	6.239428	0.1602711	1	1	0.0002916302	1	peak_1438,peak_1439,peak_1440	Gm21738
Ensembl Genes	16622	Vmn1r64	174	0.01686667	1	1	10.20543	0.195974	2	0.00003882211	0.0003961965	1	0.1602711	1	1	6.239428	0.1602711	1	1	0.0002916302	1	peak_4150,peak_4151	Vmn1r64
Ensembl Genes	19539	Vps9d1	175	0.01697812	1	1	58.39802	0.01712387	1	0.000003392209	0.0001980983	1	0.1602711	1	1	6.239428	0.1602711	1	1	0.0002916302	1	peak_4590	Vps9d1
Ensembl Genes	11998	Gm10985	176	0.01700635	1	1	10.16056	0.1968396	2	0.00003899359	0.0003961965	1	0.1602711	1	1	6.239428	0.1602711	1	1	0.0002916302	1	peak_2907,peak_2908	Gm10985
Ensembl Genes	14554	Cox7b2	177	0.01727634	1	1	5.594792	0.5362129	3	0.0001062228	0.0005942948	1	0.1602711	1	1	6.239428	0.1602711	1	1	0.0002916302	1	peak_3647,peak_3648,peak_3649	Cox7b2
Ensembl Genes	6297	Zfr	178	0.01739255	1	1	10.03929	0.1992173	2	0.00003946459	0.0003961965	1	0.1602711	1	1	6.239428	0.1602711	1	1	0.0002916302	1	peak_1636,peak_1637	Zfr
Ensembl Genes	10329	Zbtb43	179	0.01742679	1	1	10.02873	0.199427	2	0.00003950614	0.0003961965	1	0.1602711	1	1	6.239428	0.1602711	1	1	0.0002916302	1	peak_2556,peak_2557	Zbtb43
Ensembl Genes	18447	Sirt3	180	0.01746157	1	1	56.76725	0.01761579	1	0.000003489658	0.0001980983	1	0.1602711	1	1	6.239428	0.1602711	1	1	0.0002916302	1	peak_4326	Sirt3
Ensembl Genes	21318	Mageb16	181	0.01767642	1	1	3.376223	1.480945	5	0.0002933726	0.0009904913	1	0.1602711	1	1	6.239428	0.1602711	1	1	0.0002916302	1	peak_4920,peak_4921,peak_4922,peak_4923,peak_4924	Mageb16
Ensembl Genes	12914	Pou3f2	182	0.01770099	1	1	2.953633	2.031397	6	0.0004024162	0.00118859	1	0.1602711	1	1	6.239428	0.1602711	1	1	0.0002916302	1	peak_3162,peak_3163,peak_3164,peak_3165,peak_3166,peak_3167	Pou3f2
Ensembl Genes	9460	Slc22a8	183	0.01800643	1	1	9.854618	0.2029505	2	0.00004020415	0.0003961965	1	0.1602711	1	1	6.239428	0.1602711	1	1	0.0002916302	1	peak_2380,peak_2381	Slc22a8
Ensembl Genes	12900	Wwp1	184	0.01806806	1	1	9.836597	0.2033223	2	0.0000402778	0.0003961965	1	0.1602711	1	1	6.239428	0.1602711	1	1	0.0002916302	1	peak_3154,peak_3155	Wwp1
Ensembl Genes	10228	Barhl1	185	0.01827956	1	1	9.775453	0.2045941	2	0.00004052973	0.0003961965	1	0.1602711	1	1	6.239428	0.1602711	1	1	0.0002916302	1	peak_2536,peak_2537	Barhl1
Ensembl Genes	14052	Slc25a33	186	0.01866143	1	1	9.667698	0.2068745	2	0.00004098147	0.0003961965	1	0.1602711	1	1	6.239428	0.1602711	1	1	0.0002916302	1	peak_3487,peak_3488	Slc25a33
Ensembl Genes	7526	Arl6	187	0.01900821	1	1	3.997901	1.000525	4	0.0001982023	0.000792393	1	0.1602711	1	1	6.239428	0.1602711	1	1	0.0002916302	1	peak_1910,peak_1911,peak_1912,peak_1913	Arl6
Ensembl Genes	924	Mpzl1	188	0.01961206	1	1	9.413237	0.2124668	2	0.0000420893	0.0003961965	1	0.1602711	1	1	6.239428	0.1602711	1	1	0.0002916302	1	peak_367,peak_368	Mpzl1
Ensembl Genes	7537	Htr1f	189	0.01977977	1	1	5.310972	0.5648684	3	0.0001118994	0.0005942948	1	0.1602711	1	1	6.239428	0.1602711	1	1	0.0002916302	1	peak_1924,peak_1925,peak_1926	Htr1f
Ensembl Genes	4119	Dhrs7	190	0.01993447	1	1	9.331091	0.2143372	2	0.00004245983	0.0003961965	1	0.1602711	1	1	6.239428	0.1602711	1	1	0.0002916302	1	peak_1058,peak_1059	Dhrs7
Ensembl Genes	21309	5430402E10Rik	191	0.02023056	1	1	9.257387	0.2160437	2	0.00004279788	0.0003961965	1	0.1602711	1	1	6.239428	0.1602711	1	1	0.0002916302	1	peak_4918,peak_4919	5430402E10Rik
Ensembl Genes	15141	Gtf2i	192	0.02030528	1	1	9.23904	0.2164727	2	0.00004288286	0.0003961965	1	0.1602711	1	1	6.239428	0.1602711	1	1	0.0002916302	1	peak_3847,peak_3848	Gtf2i
Ensembl Genes	5470	Rarb	193	0.02054966	1	1	3.244796	1.540929	5	0.0003052553	0.0009904913	1	0.1602711	1	1	6.239428	0.1602711	1	1	0.0002916302	1	peak_1432,peak_1433,peak_1434,peak_1435,peak_1436	Rarb
Ensembl Genes	938	Fam78b	194	0.02073962	1	1	5.214517	0.575317	3	0.0001139693	0.0005942948	1	0.1602711	1	1	6.239428	0.1602711	1	1	0.0002916302	1	peak_371,peak_372,peak_373	Fam78b
Ensembl Genes	14274	Fastk	195	0.02112283	1	1	46.84046	0.02134907	1	0.000004229213	0.0001980983	1	0.1602711	1	1	6.239428	0.1602711	1	1	0.0002916302	1	peak_3564	Fastk
Ensembl Genes	427	Krtap28-10	196	0.02120308	1	1	46.66126	0.02143105	1	0.000004245454	0.0001980983	1	0.1602711	1	1	6.239428	0.1602711	1	1	0.0002916302	1	peak_200	Krtap28-10
Ensembl Genes	3654	Rpl38	197	0.021252	1	1	5.16542	0.5807853	3	0.0001150526	0.0005942948	1	0.1602711	1	1	6.239428	0.1602711	1	1	0.0002916302	1	peak_904,peak_905,peak_906	Rpl38
Ensembl Genes	13927	Clcnkb	198	0.02129079	1	1	46.46696	0.02152067	1	0.000004263206	0.0001980983	1	0.1602711	1	1	6.239428	0.1602711	1	1	0.0002916302	1	peak_3467	Clcnkb
Ensembl Genes	8236	Abhd16a	199	0.0213785	1	1	46.27427	0.02161028	1	0.000004280959	0.0001980983	1	0.1602711	1	1	6.239428	0.1602711	1	1	0.0002916302	1	peak_2104	Abhd16a
Ensembl Genes	10528	Gm11084	200	0.02147097	1	1	8.965344	0.2230812	2	0.000044192	0.0003961965	1	0.1602711	1	1	6.239428	0.1602711	1	1	0.0002916302	1	peak_2631,peak_2632	Gm11084
Ensembl Genes	15142	Gtf2ird1	201	0.02209983	1	1	8.826756	0.2265838	2	0.00004488586	0.0003961965	1	0.1602711	1	1	6.239428	0.1602711	1	1	0.0002916302	1	peak_3849,peak_3850	Gtf2ird1
Ensembl Genes	17442	Dhdh	202	0.02224204	1	1	44.45813	0.02249307	1	0.000004455838	0.0001980983	1	0.1602711	1	1	6.239428	0.1602711	1	1	0.0002916302	1	peak_4219	Dhdh
Ensembl Genes	4518	Pfkp	203	0.02244277	1	1	3.169563	1.577505	5	0.0003125009	0.0009904913	1	0.1602711	1	1	6.239428	0.1602711	1	1	0.0002916302	1	peak_1174,peak_1175,peak_1176,peak_1177,peak_1178	Pfkp
Ensembl Genes	7993	Wdr90	204	0.02251418	1	1	43.91465	0.02277145	1	0.000004510984	0.0001980983	1	0.1602711	1	1	6.239428	0.1602711	1	1	0.0002916302	1	peak_2074	Wdr90
Ensembl Genes	5510	Dupd1	205	0.02304133	1	1	8.629956	0.2317509	2	0.00004590945	0.0003961965	1	0.1602711	1	1	6.239428	0.1602711	1	1	0.0002916302	1	peak_1448,peak_1449	Dupd1
Ensembl Genes	7665	Hlcs	206	0.02305289	1	1	8.627613	0.2318138	2	0.00004592191	0.0003961965	1	0.1602711	1	1	6.239428	0.1602711	1	1	0.0002916302	1	peak_2000,peak_2001	Hlcs
Ensembl Genes	11938	Sox2	207	0.02337396	1	1	3.13526	1.594764	5	0.00031592	0.0009904913	1	0.1602711	1	1	6.239428	0.1602711	1	1	0.0002916302	1	peak_2872,peak_2873,peak_2874,peak_2875,peak_2876	Sox2
Ensembl Genes	261	Cdk15	208	0.02341015	1	1	8.556113	0.233751	2	0.00004630567	0.0003961965	1	0.1602711	1	1	6.239428	0.1602711	1	1	0.0002916302	1	peak_146,peak_147	Cdk15
Ensembl Genes	9557	Olfr1419	209	0.02401522	1	1	41.13833	0.02430823	1	0.000004815418	0.0001980983	1	0.1602711	1	1	6.239428	0.1602711	1	1	0.0002916302	1	peak_2385	Olfr1419
Ensembl Genes	10050	Vim	210	0.02415648	1	1	8.411885	0.2377588	2	0.00004709961	0.0003961965	1	0.1602711	1	1	6.239428	0.1602711	1	1	0.0002916302	1	peak_2505,peak_2506	Vim
Ensembl Genes	9671	Tjp2	211	0.02419044	1	1	8.405481	0.23794	2	0.00004713549	0.0003961965	1	0.1602711	1	1	6.239428	0.1602711	1	1	0.0002916302	1	peak_2404,peak_2405	Tjp2
Ensembl Genes	4326	Gpr68	212	0.0242645	1	1	8.391562	0.2383347	2	0.00004721368	0.0003961965	1	0.1602711	1	1	6.239428	0.1602711	1	1	0.0002916302	1	peak_1103,peak_1104	Gpr68
Ensembl Genes	8877	Nrep	213	0.02431823	1	1	8.381504	0.2386207	2	0.00004727034	0.0003961965	1	0.1602711	1	1	6.239428	0.1602711	1	1	0.0002916302	1	peak_2273,peak_2274	Nrep
Ensembl Genes	7394	Nr1i2	214	0.02454406	1	1	8.339589	0.23982	2	0.00004750792	0.0003961965	1	0.1602711	1	1	6.239428	0.1602711	1	1	0.0002916302	1	peak_1867,peak_1868	Nr1i2
Ensembl Genes	1748	Mob3a	215	0.02460495	1	1	40.14026	0.02491265	1	0.000004935152	0.0001980983	1	0.1602711	1	1	6.239428	0.1602711	1	1	0.0002916302	1	peak_584	Mob3a
Ensembl Genes	15024	Cux2	216	0.02462145	1	1	8.325358	0.2402299	2	0.00004758912	0.0003961965	1	0.1602711	1	1	6.239428	0.1602711	1	1	0.0002916302	1	peak_3803,peak_3804	Cux2
Ensembl Genes	11648	Prex1	217	0.02508676	1	1	4.841852	0.6195977	3	0.0001227412	0.0005942948	1	0.1602711	1	1	6.239428	0.1602711	1	1	0.0002916302	1	peak_2763,peak_2764,peak_2765	Prex1
Ensembl Genes	7769	Gm7356	218	0.02525	1	1	8.212207	0.2435399	2	0.00004824483	0.0003961965	1	0.1602711	1	1	6.239428	0.1602711	1	1	0.0002916302	1	peak_2034,peak_2035	Gm7356
Ensembl Genes	21058	Rhox3e	219	0.02537459	1	1	38.90746	0.02570201	1	0.000005091523	0.0001980983	1	0.1602711	1	1	6.239428	0.1602711	1	1	0.0002916302	1	peak_4857	Rhox3e
Ensembl Genes	16106	Setmar	220	0.02567048	1	1	4.798351	0.6252147	3	0.0001238539	0.0005942948	1	0.1602711	1	1	6.239428	0.1602711	1	1	0.0002916302	1	peak_4069,peak_4070,peak_4071	Setmar
Ensembl Genes	4950	Trpc7	221	0.02576935	1	1	3.634448	1.10058	4	0.000218023	0.000792393	1	0.1602711	1	1	6.239428	0.1602711	1	1	0.0002916302	1	peak_1277,peak_1278,peak_1279,peak_1280	Trpc7
Ensembl Genes	19923	Olfr924	222	0.02582419	1	1	38.22129	0.02616343	1	0.000005182929	0.0001980983	1	0.1602711	1	1	6.239428	0.1602711	1	1	0.0002916302	1	peak_4667	Olfr924
Ensembl Genes	7701	Arid1b	223	0.0260564	1	1	3.044823	1.642132	5	0.0003253034	0.0009904913	1	0.1602711	1	1	6.239428	0.1602711	1	1	0.0002916302	1	peak_2012,peak_2013,peak_2014,peak_2015,peak_2016	Arid1b
Ensembl Genes	12455	Prkab2	224	0.02606399	1	1	8.07179	0.2477765	2	0.0000490841	0.0003961965	1	0.1602711	1	1	6.239428	0.1602711	1	1	0.0002916302	1	peak_2998,peak_2999	Prkab2
Ensembl Genes	20218	Uaca	225	0.02612923	1	1	4.765074	0.629581	3	0.0001247189	0.0005942948	1	0.1602711	1	1	6.239428	0.1602711	1	1	0.0002916302	1	peak_4712,peak_4713,peak_4714	Uaca
Ensembl Genes	1568	Rab36	226	0.026346	1	1	37.4543	0.0266992	1	0.000005289065	0.0001980983	1	0.1602711	1	1	6.239428	0.1602711	1	1	0.0002916302	1	peak_563	Rab36
Ensembl Genes	14906	Iscu	226	0.026346	1	1	37.4543	0.0266992	1	0.000005289065	0.0001980983	1	0.1602711	1	1	6.239428	0.1602711	1	1	0.0002916302	1	peak_3762	Iscu
Ensembl Genes	12163	Ntrk1	228	0.02634785	1	1	37.45163	0.02670111	1	0.000005289443	0.0001980983	1	0.1602711	1	1	6.239428	0.1602711	1	1	0.0002916302	1	peak_2982	Ntrk1
Ensembl Genes	10611	Smtnl1	229	0.02649822	1	1	37.23625	0.02685555	1	0.000005320037	0.0001980983	1	0.1602711	1	1	6.239428	0.1602711	1	1	0.0002916302	1	peak_2651	Smtnl1
Ensembl Genes	294	Fzd5	230	0.02710021	1	1	7.902254	0.2530923	2	0.00005013715	0.0003961965	1	0.1602711	1	1	6.239428	0.1602711	1	1	0.0002916302	1	peak_159,peak_160	Fzd5
Ensembl Genes	6450	4933412E24Rik	231	0.02736779	1	1	3.565621	1.121824	4	0.0002222314	0.000792393	1	0.1602711	1	1	6.239428	0.1602711	1	1	0.0002916302	1	peak_1731,peak_1732,peak_1733,peak_1734	4933412E24Rik
Ensembl Genes	8525	Vmn2r118	232	0.02740058	1	1	7.854914	0.2546177	2	0.00005043932	0.0003961965	1	0.1602711	1	1	6.239428	0.1602711	1	1	0.0002916302	1	peak_2148,peak_2149	Vmn2r118
Ensembl Genes	20910	Sytl5	233	0.02757013	1	1	7.828534	0.2554757	2	0.00005060929	0.0003961965	1	0.1602711	1	1	6.239428	0.1602711	1	1	0.0002916302	1	peak_4828,peak_4829	Sytl5
Ensembl Genes	19591	Ccdc7a	234	0.02767357	1	1	7.812557	0.2559981	2	0.00005071278	0.0003961965	1	0.1602711	1	1	6.239428	0.1602711	1	1	0.0002916302	1	peak_4599,peak_4600	Ccdc7a
Ensembl Genes	18918	Cbr4	235	0.02801661	1	1	4.635894	0.6471244	3	0.0001281942	0.0005942948	1	0.1602711	1	1	6.239428	0.1602711	1	1	0.0002916302	1	peak_4446,peak_4447,peak_4448	Cbr4
Ensembl Genes	10887	Creb3l1	236	0.02816765	1	1	7.737467	0.2584825	2	0.00005120494	0.0003961965	1	0.1602711	1	1	6.239428	0.1602711	1	1	0.0002916302	1	peak_2660,peak_2661	Creb3l1
Ensembl Genes	13259	Ccdc171	237	0.02824478	1	1	3.529936	1.133165	4	0.000224478	0.000792393	1	0.1602711	1	1	6.239428	0.1602711	1	1	0.0002916302	1	peak_3322,peak_3323,peak_3324,peak_3325	Ccdc171
Ensembl Genes	2328	Etaa1	238	0.02828641	1	1	2.97763	1.679188	5	0.0003326442	0.0009904913	1	0.1602711	1	1	6.239428	0.1602711	1	1	0.0002916302	1	peak_720,peak_721,peak_722,peak_723,peak_724	Etaa1
Ensembl Genes	8579	Khsrp	239	0.02836743	1	1	34.74939	0.02877748	1	0.000005700769	0.0001980983	1	0.1602711	1	1	6.239428	0.1602711	1	1	0.0002916302	1	peak_2153	Khsrp
Ensembl Genes	3795	Fscn2	240	0.02840078	1	1	34.708	0.0288118	1	0.000005707567	0.0001980983	1	0.1602711	1	1	6.239428	0.1602711	1	1	0.0002916302	1	peak_926	Fscn2
Ensembl Genes	17634	Hddc3	241	0.02853786	1	1	34.53886	0.02895289	1	0.000005735518	0.0001980983	1	0.1602711	1	1	6.239428	0.1602711	1	1	0.0002916302	1	peak_4241	Hddc3
Ensembl Genes	4056	Sstr1	242	0.02957239	1	1	4.537785	0.6611156	3	0.0001309658	0.0005942948	1	0.1602711	1	1	6.239428	0.1602711	1	1	0.0002916302	1	peak_1028,peak_1029,peak_1030	Sstr1
Ensembl Genes	7353	Sema5b	243	0.02958014	1	1	7.533253	0.2654896	2	0.00005259302	0.0003961965	1	0.1602711	1	1	6.239428	0.1602711	1	1	0.0002916302	1	peak_1861,peak_1862	Sema5b
Ensembl Genes	5502	Zswim8	244	0.02963563	1	1	33.24075	0.03008355	1	0.0000059595	0.0001980983	1	0.1602711	1	1	6.239428	0.1602711	1	1	0.0002916302	1	peak_1445	Zswim8
Ensembl Genes	13278	Ifna9	245	0.02965599	1	1	33.2176	0.03010453	1	0.000005963654	0.0001980983	1	0.1602711	1	1	6.239428	0.1602711	1	1	0.0002916302	1	peak_3338	Ifna9
Ensembl Genes	5895	Carmil3	246	0.02975959	1	1	33.1002	0.0302113	1	0.000005984806	0.0001980983	1	0.1602711	1	1	6.239428	0.1602711	1	1	0.0002916302	1	peak_1511	Carmil3
Ensembl Genes	4411	Evl	247	0.02977758	1	1	7.505869	0.2664581	2	0.00005278489	0.0003961965	1	0.1602711	1	1	6.239428	0.1602711	1	1	0.0002916302	1	peak_1127,peak_1128	Evl
Ensembl Genes	7449	Gm7275	248	0.02980626	1	1	2.935318	1.703393	5	0.0003374392	0.0009904913	1	0.1602711	1	1	6.239428	0.1602711	1	1	0.0002916302	1	peak_1883,peak_1884,peak_1885,peak_1886,peak_1887	Gm7275
Ensembl Genes	14511	Rell1	249	0.02998959	1	1	7.476765	0.2674954	2	0.00005299037	0.0003961965	1	0.1602711	1	1	6.239428	0.1602711	1	1	0.0002916302	1	peak_3632,peak_3633	Rell1
Ensembl Genes	1390	Slc22a16	250	0.03001184	1	1	7.473728	0.2676041	2	0.0000530119	0.0003961965	1	0.1602711	1	1	6.239428	0.1602711	1	1	0.0002916302	1	peak_485,peak_486	Slc22a16
Ensembl Genes	8027	Zbtb9	251	0.030013	1	1	32.81646	0.03047252	1	0.000006036552	0.0001980983	1	0.1602711	1	1	6.239428	0.1602711	1	1	0.0002916302	1	peak_2076	Zbtb9
Ensembl Genes	19339	Ctcf	252	0.03017389	1	1	32.63878	0.0306384	1	0.000006069413	0.0001980983	1	0.1602711	1	1	6.239428	0.1602711	1	1	0.0002916302	1	peak_4537	Ctcf
Ensembl Genes	15888	Tcf7l1	253	0.03045743	1	1	7.413617	0.2697739	2	0.00005344173	0.0003961965	1	0.1602711	1	1	6.239428	0.1602711	1	1	0.0002916302	1	peak_4021,peak_4022	Tcf7l1
Ensembl Genes	1352	Clvs2	254	0.03063049	1	1	4.474882	0.6704087	3	0.0001328068	0.0005942948	1	0.1602711	1	1	6.239428	0.1602711	1	1	0.0002916302	1	peak_467,peak_468,peak_469	Clvs2
Ensembl Genes	9692	Slc1a1	255	0.03063356	1	1	7.390217	0.2706281	2	0.00005361095	0.0003961965	1	0.1602711	1	1	6.239428	0.1602711	1	1	0.0002916302	1	peak_2414,peak_2415	Slc1a1
Ensembl Genes	9701	Plgrkt	256	0.03077098	1	1	31.99564	0.03125425	1	0.000006191413	0.0001980983	1	0.1602711	1	1	6.239428	0.1602711	1	1	0.0002916302	1	peak_2416	Plgrkt
Ensembl Genes	4992	Cts7	257	0.03114816	1	1	7.322991	0.2731125	2	0.0000541031	0.0003961965	1	0.1602711	1	1	6.239428	0.1602711	1	1	0.0002916302	1	peak_1286,peak_1287	Cts7
Ensembl Genes	7552	Usp25	258	0.03128673	1	1	3.416014	1.170955	4	0.0002319642	0.000792393	1	0.1602711	1	1	6.239428	0.1602711	1	1	0.0002916302	1	peak_1954,peak_1955,peak_1956,peak_1957	Usp25
Ensembl Genes	3602	Prr29	259	0.03133262	1	1	31.41307	0.03183388	1	0.000006306237	0.0001980983	1	0.1602711	1	1	6.239428	0.1602711	1	1	0.0002916302	1	peak_880	Prr29
Ensembl Genes	44	Sbspon	260	0.03138627	1	1	7.292445	0.2742565	2	0.00005432973	0.0003961965	1	0.1602711	1	1	6.239428	0.1602711	1	1	0.0002916302	1	peak_40,peak_41	Sbspon
Ensembl Genes	9982	Cacul1	261	0.03138667	1	1	7.292394	0.2742584	2	0.0000543301	0.0003961965	1	0.1602711	1	1	6.239428	0.1602711	1	1	0.0002916302	1	peak_2494,peak_2495	Cacul1
Ensembl Genes	10139	Abca2	262	0.03139356	1	1	31.3511	0.0318968	1	0.000006318701	0.0001980983	1	0.1602711	1	1	6.239428	0.1602711	1	1	0.0002916302	1	peak_2530	Abca2
Ensembl Genes	18568	Xab2	263	0.03165393	1	1	31.08907	0.03216565	1	0.000006371958	0.0001980983	1	0.1602711	1	1	6.239428	0.1602711	1	1	0.0002916302	1	peak_4336	Xab2
Ensembl Genes	17986	Olfr691	264	0.03200836	1	1	30.73922	0.03253173	1	0.000006444479	0.0001980983	1	0.1602711	1	1	6.239428	0.1602711	1	1	0.0002916302	1	peak_4279	Olfr691
Ensembl Genes	11534	Vstm2l	265	0.03205521	1	1	7.208453	0.277452	2	0.00005496277	0.0003961965	1	0.1602711	1	1	6.239428	0.1602711	1	1	0.0002916302	1	peak_2747,peak_2748	Vstm2l
Ensembl Genes	10972	Fibin	266	0.03216029	1	1	7.195497	0.2779516	2	0.00005506173	0.0003961965	1	0.1602711	1	1	6.239428	0.1602711	1	1	0.0002916302	1	peak_2683,peak_2684	Fibin
Ensembl Genes	9937	Rbm20	267	0.03221569	1	1	7.188692	0.2782147	2	0.00005511385	0.0003961965	1	0.1602711	1	1	6.239428	0.1602711	1	1	0.0002916302	1	peak_2476,peak_2477	Rbm20
Ensembl Genes	5277	Il6st	268	0.0322177	1	1	7.188446	0.2782243	2	0.00005511574	0.0003961965	1	0.1602711	1	1	6.239428	0.1602711	1	1	0.0002916302	1	peak_1404,peak_1405	Il6st
Ensembl Genes	19740	Cdc37	269	0.03233684	1	1	30.42185	0.03287112	1	0.000006511711	0.0001980983	1	0.1602711	1	1	6.239428	0.1602711	1	1	0.0002916302	1	peak_4640	Cdc37
Ensembl Genes	3625	Axin2	270	0.03239656	1	1	4.376051	0.6855496	3	0.0001358062	0.0005942948	1	0.1602711	1	1	6.239428	0.1602711	1	1	0.0002916302	1	peak_886,peak_887,peak_888	Axin2
Ensembl Genes	796	Pdc	271	0.0324115	1	1	7.16478	0.2791433	2	0.0000552978	0.0003961965	1	0.1602711	1	1	6.239428	0.1602711	1	1	0.0002916302	1	peak_339,peak_340	Pdc
Ensembl Genes	15188	Alkbh4	272	0.03248443	1	1	30.28133	0.03302365	1	0.000006541928	0.0001980983	1	0.1602711	1	1	6.239428	0.1602711	1	1	0.0002916302	1	peak_3854	Alkbh4
Ensembl Genes	9915	Neurl1a	273	0.03250656	1	1	7.153249	0.2795932	2	0.00005538693	0.0003961965	1	0.1602711	1	1	6.239428	0.1602711	1	1	0.0002916302	1	peak_2450,peak_2451	Neurl1a
Ensembl Genes	6010	Defb30	274	0.03301926	1	1	29.78266	0.03357659	1	0.000006651463	0.0001980983	1	0.1602711	1	1	6.239428	0.1602711	1	1	0.0002916302	1	peak_1522	Defb30
Ensembl Genes	10850	Olfr1271	275	0.03304507	1	1	29.759	0.03360328	1	0.000006656751	0.0001980983	1	0.1602711	1	1	6.239428	0.1602711	1	1	0.0002916302	1	peak_2656	Olfr1271
Ensembl Genes	8702	Eml4	276	0.03367628	1	1	7.015371	0.2850883	2	0.00005647549	0.0003961965	1	0.1602711	1	1	6.239428	0.1602711	1	1	0.0002916302	1	peak_2207,peak_2208	Eml4
Ensembl Genes	3523	Asb16	277	0.03402725	1	1	28.88542	0.03461954	1	0.00000685807	0.0001980983	1	0.1602711	1	1	6.239428	0.1602711	1	1	0.0002916302	1	peak_875	Asb16
Ensembl Genes	4867	Gm906	278	0.03430506	1	1	4.276963	0.7014322	3	0.0001389525	0.0005942948	1	0.1602711	1	1	6.239428	0.1602711	1	1	0.0002916302	1	peak_1259,peak_1260,peak_1261	Gm906
Ensembl Genes	10218	Gm10134	279	0.03433663	1	1	28.62061	0.03493986	1	0.000006921526	0.0001980983	1	0.1602711	1	1	6.239428	0.1602711	1	1	0.0002916302	1	peak_2535	Gm10134
Ensembl Genes	15732	Osbpl3	280	0.0344221	1	1	6.931142	0.2885527	2	0.00005716179	0.0003961965	1	0.1602711	1	1	6.239428	0.1602711	1	1	0.0002916302	1	peak_3987,peak_3988	Osbpl3
Ensembl Genes	15446	Tac1	281	0.03443355	1	1	4.270555	0.7024847	3	0.000139161	0.0005942948	1	0.1602711	1	1	6.239428	0.1602711	1	1	0.0002916302	1	peak_3894,peak_3895,peak_3896	Tac1
Ensembl Genes	14964	Hspb8	282	0.03445426	1	1	6.927572	0.2887014	2	0.00005719125	0.0003961965	1	0.1602711	1	1	6.239428	0.1602711	1	1	0.0002916302	1	peak_3780,peak_3781	Hspb8
Ensembl Genes	2361	Papolg	283	0.0347128	1	1	6.899049	0.289895	2	0.0000574277	0.0003961965	1	0.1602711	1	1	6.239428	0.1602711	1	1	0.0002916302	1	peak_738,peak_739	Papolg
Ensembl Genes	20006	Nlrx1	284	0.0347913	1	1	28.23996	0.03541081	1	0.00000701482	0.0001980983	1	0.1602711	1	1	6.239428	0.1602711	1	1	0.0002916302	1	peak_4677	Nlrx1
Ensembl Genes	4849	Phf2	285	0.03490657	1	1	6.877878	0.2907873	2	0.00005760447	0.0003961965	1	0.1602711	1	1	6.239428	0.1602711	1	1	0.0002916302	1	peak_1256,peak_1257	Phf2
Ensembl Genes	20526	Pik3r4	286	0.03529747	1	1	6.835701	0.2925815	2	0.00005795989	0.0003961965	1	0.1602711	1	1	6.239428	0.1602711	1	1	0.0002916302	1	peak_4788,peak_4789	Pik3r4
Ensembl Genes	786	Trove2	287	0.03531566	1	1	27.81315	0.03595421	1	0.000007122467	0.0001980983	1	0.1602711	1	1	6.239428	0.1602711	1	1	0.0002916302	1	peak_329	Trove2
Ensembl Genes	15527	Atp6v1f	288	0.03572575	1	1	27.48808	0.0363794	1	0.000007206696	0.0001980983	1	0.1602711	1	1	6.239428	0.1602711	1	1	0.0002916302	1	peak_3948	Atp6v1f
Ensembl Genes	12080	Iqcj	289	0.0358382	1	1	6.778496	0.2950507	2	0.00005844903	0.0003961965	1	0.1602711	1	1	6.239428	0.1602711	1	1	0.0002916302	1	peak_2941,peak_2942	Iqcj
Ensembl Genes	14239	Magi2	290	0.03588253	1	1	2.495736	2.404101	6	0.0004762482	0.00118859	1	0.1602711	1	1	6.239428	0.1602711	1	1	0.0002916302	1	peak_3549,peak_3550,peak_3551,peak_3552,peak_3553,peak_3554	Magi2
Ensembl Genes	15280	Mafk	291	0.03617242	1	1	27.1424	0.03684272	1	0.00000729848	0.0001980983	1	0.1602711	1	1	6.239428	0.1602711	1	1	0.0002916302	1	peak_3859	Mafk
Ensembl Genes	2937	P2rx5	292	0.03626063	1	1	27.07514	0.03693425	1	0.00000731661	0.0001980983	1	0.1602711	1	1	6.239428	0.1602711	1	1	0.0002916302	1	peak_826	P2rx5
Ensembl Genes	12729	Ddit4l	293	0.03633622	1	1	6.72694	0.297312	2	0.00005889699	0.0003961965	1	0.1602711	1	1	6.239428	0.1602711	1	1	0.0002916302	1	peak_3062,peak_3063	Ddit4l
Ensembl Genes	17453	Mamstr	294	0.03641313	1	1	26.95963	0.0370925	1	0.000007347959	0.0001980983	1	0.1602711	1	1	6.239428	0.1602711	1	1	0.0002916302	1	peak_4220	Mamstr
Ensembl Genes	7472	Rpl24	295	0.03652336	1	1	26.87674	0.0372069	1	0.000007370622	0.0001980983	1	0.1602711	1	1	6.239428	0.1602711	1	1	0.0002916302	1	peak_1901	Rpl24
Ensembl Genes	11347	Cstl1	296	0.0365252	1	1	26.87536	0.03720881	1	0.000007371	0.0001980983	1	0.1602711	1	1	6.239428	0.1602711	1	1	0.0002916302	1	peak_2731	Cstl1
Ensembl Genes	3201	Epx	297	0.03654724	1	1	26.85884	0.03723169	1	0.000007375532	0.0001980983	1	0.1602711	1	1	6.239428	0.1602711	1	1	0.0002916302	1	peak_853	Epx
Ensembl Genes	8354	Olfr124	298	0.03668501	1	1	26.75608	0.03737469	1	0.00000740386	0.0001980983	1	0.1602711	1	1	6.239428	0.1602711	1	1	0.0002916302	1	peak_2109	Olfr124
Ensembl Genes	2245	Osm	299	0.03680255	1	1	26.669	0.03749672	1	0.000007428034	0.0001980983	1	0.1602711	1	1	6.239428	0.1602711	1	1	0.0002916302	1	peak_694	Osm
Ensembl Genes	2125	Myl6	300	0.03683377	1	1	26.64597	0.03752913	1	0.000007434455	0.0001980983	1	0.1602711	1	1	6.239428	0.1602711	1	1	0.0002916302	1	peak_685	Myl6
Ensembl Genes	7888	Flywch2	301	0.03689621	1	1	26.60002	0.03759396	1	0.000007447297	0.0001980983	1	0.1602711	1	1	6.239428	0.1602711	1	1	0.0002916302	1	peak_2067	Flywch2
Ensembl Genes	13282	Ifna16	302	0.03691457	1	1	26.58654	0.03761302	1	0.000007451074	0.0001980983	1	0.1602711	1	1	6.239428	0.1602711	1	1	0.0002916302	1	peak_3339	Ifna16
Ensembl Genes	10310	Ak1	303	0.03701924	1	1	26.50994	0.0377217	1	0.000007472604	0.0001980983	1	0.1602711	1	1	6.239428	0.1602711	1	1	0.0002916302	1	peak_2553	Ak1
Ensembl Genes	15092	Rflna	304	0.03728794	1	1	6.631297	0.3016001	2	0.00005974646	0.0003961965	1	0.1602711	1	1	6.239428	0.1602711	1	1	0.0002916302	1	peak_3819,peak_3820	Rflna
Ensembl Genes	13413	Glis1	305	0.03730623	1	1	6.629495	0.3016821	2	0.0000597627	0.0003961965	1	0.1602711	1	1	6.239428	0.1602711	1	1	0.0002916302	1	peak_3385,peak_3386	Glis1
Ensembl Genes	6177	Klf12	306	0.03731837	1	1	2.758002	1.812907	5	0.0003591337	0.0009904913	1	0.1602711	1	1	6.239428	0.1602711	1	1	0.0002916302	1	peak_1580,peak_1581,peak_1582,peak_1583,peak_1584	Klf12
Ensembl Genes	17996	Trim3	307	0.0373405	1	1	26.2775	0.03805537	1	0.000007538703	0.0001980983	1	0.1602711	1	1	6.239428	0.1602711	1	1	0.0002916302	1	peak_4280	Trim3
Ensembl Genes	12487	Igsf3	308	0.03736963	1	1	6.623258	0.3019662	2	0.00005981898	0.0003961965	1	0.1602711	1	1	6.239428	0.1602711	1	1	0.0002916302	1	peak_3002,peak_3003	Igsf3
Ensembl Genes	14680	Cxcl2	309	0.03745063	1	1	26.19874	0.03816977	1	0.000007561365	0.0001980983	1	0.1602711	1	1	6.239428	0.1602711	1	1	0.0002916302	1	peak_3697	Cxcl2
Ensembl Genes	6507	Cyp11b2	310	0.03747265	1	1	26.18305	0.03819265	1	0.000007565898	0.0001980983	1	0.1602711	1	1	6.239428	0.1602711	1	1	0.0002916302	1	peak_1753	Cyp11b2
Ensembl Genes	1222	Ulbp1	311	0.03761085	1	1	6.599672	0.3030454	2	0.00006003276	0.0003961965	1	0.1602711	1	1	6.239428	0.1602711	1	1	0.0002916302	1	peak_421,peak_422	Ulbp1
Ensembl Genes	7887	Flywch1	312	0.03764698	1	1	26.05946	0.03837379	1	0.00000760178	0.0001980983	1	0.1602711	1	1	6.239428	0.1602711	1	1	0.0002916302	1	peak_2066	Flywch1
Ensembl Genes	10779	Olfr1193	313	0.03786898	1	1	25.90372	0.03860449	1	0.000007647483	0.0001980983	1	0.1602711	1	1	6.239428	0.1602711	1	1	0.0002916302	1	peak_2653	Olfr1193
Ensembl Genes	6565	Cpsf1	313	0.03786898	1	1	25.90372	0.03860449	1	0.000007647483	0.0001980983	1	0.1602711	1	1	6.239428	0.1602711	1	1	0.0002916302	1	peak_1755	Cpsf1
Ensembl Genes	14268	Nos3	315	0.03791117	1	1	25.87433	0.03864835	1	0.00000765617	0.0001980983	1	0.1602711	1	1	6.239428	0.1602711	1	1	0.0002916302	1	peak_3563	Nos3
Ensembl Genes	8565	Ndufa11	316	0.03797354	1	1	25.831	0.03871318	1	0.000007669013	0.0001980983	1	0.1602711	1	1	6.239428	0.1602711	1	1	0.0002916302	1	peak_2151	Ndufa11
Ensembl Genes	8459	Gnmt	317	0.0381056	1	1	25.73972	0.03885046	1	0.000007696208	0.0001980983	1	0.1602711	1	1	6.239428	0.1602711	1	1	0.0002916302	1	peak_2131	Gnmt
Ensembl Genes	18671	Defb14	318	0.03816796	1	1	25.69685	0.03891528	1	0.00000770905	0.0001980983	1	0.1602711	1	1	6.239428	0.1602711	1	1	0.0002916302	1	peak_4368	Defb14
Ensembl Genes	4444	Trmt61a	319	0.03825781	1	1	25.6353	0.03900871	1	0.000007727557	0.0001980983	1	0.1602711	1	1	6.239428	0.1602711	1	1	0.0002916302	1	peak_1140	Trmt61a
Ensembl Genes	2496	Olfr1393	320	0.03841917	1	1	25.52551	0.0391765	1	0.000007760796	0.0001980983	1	0.1602711	1	1	6.239428	0.1602711	1	1	0.0002916302	1	peak_786	Olfr1393
Ensembl Genes	11666	Ptpn1	321	0.03843057	1	1	6.521182	0.3066929	2	0.00006075532	0.0003961965	1	0.1602711	1	1	6.239428	0.1602711	1	1	0.0002916302	1	peak_2766,peak_2767	Ptpn1
Ensembl Genes	1802	Tle2	322	0.03870514	1	1	25.33317	0.03947394	1	0.000007819719	0.0001980983	1	0.1602711	1	1	6.239428	0.1602711	1	1	0.0002916302	1	peak_585	Tle2
Ensembl Genes	11073	Spint1	323	0.03870698	1	1	25.33195	0.03947585	1	0.000007820096	0.0001980983	1	0.1602711	1	1	6.239428	0.1602711	1	1	0.0002916302	1	peak_2694	Spint1
Ensembl Genes	18420	Cd163l1	324	0.03871064	1	1	25.3295	0.03947966	1	0.000007820852	0.0001980983	1	0.1602711	1	1	6.239428	0.1602711	1	1	0.0002916302	1	peak_4324	Cd163l1
Ensembl Genes	2240	Rnf215	325	0.03875463	1	1	25.30017	0.03952542	1	0.000007829917	0.0001980983	1	0.1602711	1	1	6.239428	0.1602711	1	1	0.0002916302	1	peak_693	Rnf215
Ensembl Genes	18291	Fbrs	326	0.03881694	1	1	25.25875	0.03959025	1	0.000007842759	0.0001980983	1	0.1602711	1	1	6.239428	0.1602711	1	1	0.0002916302	1	peak_4307	Fbrs
Ensembl Genes	8842	2700062C07Rik	327	0.03902049	1	1	6.466229	0.3092993	2	0.00006127165	0.0003961965	1	0.1602711	1	1	6.239428	0.1602711	1	1	0.0002916302	1	peak_2257,peak_2258	2700062C07Rik
Ensembl Genes	9873	Btrc	328	0.0390811	1	1	6.460653	0.3095662	2	0.00006132453	0.0003961965	1	0.1602711	1	1	6.239428	0.1602711	1	1	0.0002916302	1	peak_2444,peak_2445	Btrc
Ensembl Genes	4790	Ly86	329	0.03927642	1	1	4.049846	0.7407689	3	0.000146745	0.0005942948	1	0.1602711	1	1	6.239428	0.1602711	1	1	0.0002916302	1	peak_1226,peak_1227,peak_1228	Ly86
Ensembl Genes	18027	Olfr711	330	0.03935926	1	1	24.90373	0.04015462	1	0.000007954561	0.0001980983	1	0.1602711	1	1	6.239428	0.1602711	1	1	0.0002916302	1	peak_4282	Olfr711
Ensembl Genes	10522	Itga6	331	0.03946117	1	1	6.425982	0.3112365	2	0.0000616554	0.0003961965	1	0.1602711	1	1	6.239428	0.1602711	1	1	0.0002916302	1	peak_2626,peak_2627	Itga6
Ensembl Genes	7646	Atp5o	332	0.03999458	1	1	6.378156	0.3135702	2	0.00006211772	0.0003961965	1	0.1602711	1	1	6.239428	0.1602711	1	1	0.0002916302	1	peak_1992,peak_1993	Atp5o
Ensembl Genes	7198	Gp1bb	333	0.0401374	1	1	24.41111	0.04096496	1	0.000008115087	0.0001980983	1	0.1602711	1	1	6.239428	0.1602711	1	1	0.0002916302	1	peak_1826	Gp1bb
Ensembl Genes	1705	Arid3a	334	0.04029661	1	1	24.31266	0.04113084	1	0.000008147948	0.0001980983	1	0.1602711	1	1	6.239428	0.1602711	1	1	0.0002916302	1	peak_580	Arid3a
Ensembl Genes	10781	Olfr1196	335	0.04032955	1	1	24.29239	0.04116516	1	0.000008154747	0.0001980983	1	0.1602711	1	1	6.239428	0.1602711	1	1	0.0002916302	1	peak_2654	Olfr1196
Ensembl Genes	16130	Rpusd3	336	0.04044299	1	1	24.22283	0.04128338	1	0.000008178165	0.0001980983	1	0.1602711	1	1	6.239428	0.1602711	1	1	0.0002916302	1	peak_4083	Rpusd3
Ensembl Genes	6899	Fam186b	337	0.04044847	1	1	24.21947	0.0412891	1	0.000008179298	0.0001980983	1	0.1602711	1	1	6.239428	0.1602711	1	1	0.0002916302	1	peak_1798	Fam186b
Ensembl Genes	20483	Dbr1	338	0.04071555	1	1	24.05727	0.04156747	1	0.000008234444	0.0001980983	1	0.1602711	1	1	6.239428	0.1602711	1	1	0.0002916302	1	peak_4773	Dbr1
Ensembl Genes	6268	2410089E03Rik	339	0.04136525	1	1	6.259519	0.3195133	2	0.00006329504	0.0003961965	1	0.1602711	1	1	6.239428	0.1602711	1	1	0.0002916302	1	peak_1627,peak_1628	2410089E03Rik
Ensembl Genes	518	Klhl30	340	0.04140486	1	1	23.64833	0.04228629	1	0.00000837684	0.0001980983	1	0.1602711	1	1	6.239428	0.1602711	1	1	0.0002916302	1	peak_212	Klhl30
Ensembl Genes	20226	Coro2b	341	0.04166305	1	1	6.234518	0.3207946	2	0.00006354886	0.0003961965	1	0.1602711	1	1	6.239428	0.1602711	1	1	0.0002916302	1	peak_4718,peak_4719	Coro2b
Ensembl Genes	10251	Endog	342	0.04172467	1	1	23.46319	0.04261996	1	0.000008442939	0.0001980983	1	0.1602711	1	1	6.239428	0.1602711	1	1	0.0002916302	1	peak_2540	Endog
Ensembl Genes	2598	Cdc42se2	343	0.04192207	1	1	6.212989	0.3219062	2	0.00006376906	0.0003961965	1	0.1602711	1	1	6.239428	0.1602711	1	1	0.0002916302	1	peak_795,peak_796	Cdc42se2
Ensembl Genes	14350	Cad	344	0.04197678	1	1	23.31922	0.04288308	1	0.000008495063	0.0001980983	1	0.1602711	1	1	6.239428	0.1602711	1	1	0.0002916302	1	peak_3574	Cad
Ensembl Genes	1425	Prdm1	345	0.04204454	1	1	3.939237	0.7615688	3	0.0001508655	0.0005942948	1	0.1602711	1	1	6.239428	0.1602711	1	1	0.0002916302	1	peak_494,peak_495,peak_496	Prdm1
Ensembl Genes	3997	Arl4a	346	0.04217708	1	1	3.09847	1.29096	4	0.0002557369	0.000792393	1	0.1602711	1	1	6.239428	0.1602711	1	1	0.0002916302	1	peak_987,peak_988,peak_989,peak_990	Arl4a
Ensembl Genes	16175	Olfr211	347	0.04230004	1	1	23.13714	0.04322056	1	0.000008561918	0.0001980983	1	0.1602711	1	1	6.239428	0.1602711	1	1	0.0002916302	1	peak_4090	Olfr211
Ensembl Genes	2329	Meis1	348	0.04233393	1	1	2.661533	1.878617	5	0.0003721507	0.0009904913	1	0.1602711	1	1	6.239428	0.1602711	1	1	0.0002916302	1	peak_725,peak_726,peak_727,peak_728,peak_729	Meis1
Ensembl Genes	14963	Ccdc60	349	0.04235839	1	1	6.17717	0.3237729	2	0.00006413884	0.0003961965	1	0.1602711	1	1	6.239428	0.1602711	1	1	0.0002916302	1	peak_3778,peak_3779	Ccdc60
Ensembl Genes	15791	Vmn1r8	350	0.04251366	1	1	23.01833	0.04344364	1	0.00000860611	0.0001980983	1	0.1602711	1	1	6.239428	0.1602711	1	1	0.0002916302	1	peak_3997	Vmn1r8
Ensembl Genes	11199	Zfp661	351	0.04268161	1	1	22.92576	0.04361906	1	0.000008640859	0.0001980983	1	0.1602711	1	1	6.239428	0.1602711	1	1	0.0002916302	1	peak_2704	Zfp661
Ensembl Genes	13934	Slc25a34	352	0.0427966	1	1	22.8628	0.04373918	1	0.000008664655	0.0001980983	1	0.1602711	1	1	6.239428	0.1602711	1	1	0.0002916302	1	peak_3469	Slc25a34
Ensembl Genes	2531	Grm6	353	0.04285865	1	1	22.82896	0.043804	1	0.000008677497	0.0001980983	1	0.1602711	1	1	6.239428	0.1602711	1	1	0.0002916302	1	peak_789	Grm6
Ensembl Genes	17626	Cib1	354	0.04292799	1	1	22.79127	0.04387646	1	0.00000869185	0.0001980983	1	0.1602711	1	1	6.239428	0.1602711	1	1	0.0002916302	1	peak_4239	Cib1
Ensembl Genes	7161	Snap29	355	0.04299186	1	1	22.75665	0.04394319	1	0.00000870507	0.0001980983	1	0.1602711	1	1	6.239428	0.1602711	1	1	0.0002916302	1	peak_1825	Snap29
Ensembl Genes	11879	Pde7a	356	0.04301718	1	1	6.124119	0.3265776	2	0.00006469445	0.0003961965	1	0.1602711	1	1	6.239428	0.1602711	1	1	0.0002916302	1	peak_2836,peak_2837	Pde7a
Ensembl Genes	16327	Ccnd2	357	0.04337932	1	1	6.095471	0.3281125	2	0.00006499851	0.0003961965	1	0.1602711	1	1	6.239428	0.1602711	1	1	0.0002916302	1	peak_4106,peak_4107	Ccnd2
Ensembl Genes	12834	Rpe65	358	0.04339419	1	1	6.094302	0.3281754	2	0.00006501097	0.0003961965	1	0.1602711	1	1	6.239428	0.1602711	1	1	0.0002916302	1	peak_3096,peak_3097	Rpe65
Ensembl Genes	9008	Pcdh12	359	0.04341328	1	1	22.53083	0.04438363	1	0.00000879232	0.0001980983	1	0.1602711	1	1	6.239428	0.1602711	1	1	0.0002916302	1	peak_2280	Pcdh12
Ensembl Genes	5468	Ngly1	360	0.04360453	1	1	3.881053	0.772986	3	0.0001531272	0.0005942948	1	0.1602711	1	1	6.239428	0.1602711	1	1	0.0002916302	1	peak_1429,peak_1430,peak_1431	Ngly1
Ensembl Genes	4383	Gsc	361	0.04361657	1	1	6.076896	0.3291154	2	0.00006519718	0.0003961965	1	0.1602711	1	1	6.239428	0.1602711	1	1	0.0002916302	1	peak_1111,peak_1112	Gsc
Ensembl Genes	10888	Phf21a	362	0.04390136	1	1	6.054797	0.3303166	2	0.00006543514	0.0003961965	1	0.1602711	1	1	6.239428	0.1602711	1	1	0.0002916302	1	peak_2662,peak_2663	Phf21a
Ensembl Genes	5039	Zfp708	363	0.04416262	1	1	22.13992	0.04516728	1	0.000008947559	0.0001980983	1	0.1602711	1	1	6.239428	0.1602711	1	1	0.0002916302	1	peak_1301	Zfp708
Ensembl Genes	8427	Mrpl14	364	0.04435031	1	1	22.04407	0.04536367	1	0.000008986463	0.0001980983	1	0.1602711	1	1	6.239428	0.1602711	1	1	0.0002916302	1	peak_2129	Mrpl14
Ensembl Genes	18711	Defa17	365	0.04437764	1	1	22.03018	0.04539227	1	0.000008992129	0.0001980983	1	0.1602711	1	1	6.239428	0.1602711	1	1	0.0002916302	1	peak_4369	Defa17
Ensembl Genes	3632	Arsg	366	0.04441226	1	1	22.01262	0.04542849	1	0.000008999305	0.0001980983	1	0.1602711	1	1	6.239428	0.1602711	1	1	0.0002916302	1	peak_889	Arsg
Ensembl Genes	15567	3110062M04Rik	367	0.04448332	1	1	21.97664	0.04550285	1	0.000009014036	0.0001980983	1	0.1602711	1	1	6.239428	0.1602711	1	1	0.0002916302	1	peak_3957	3110062M04Rik
Ensembl Genes	18353	Pstk	368	0.04451247	1	1	21.96192	0.04553336	1	0.000009020079	0.0001980983	1	0.1602711	1	1	6.239428	0.1602711	1	1	0.0002916302	1	peak_4314	Pstk
Ensembl Genes	16118	Srgap3	369	0.04459817	1	1	6.00162	0.3332433	2	0.00006601492	0.0003961965	1	0.1602711	1	1	6.239428	0.1602711	1	1	0.0002916302	1	peak_4081,peak_4082	Srgap3
Ensembl Genes	14232	ENSMUSG00000109903	370	0.04477034	1	1	3.839337	0.7813849	3	0.000154791	0.0005942948	1	0.1602711	1	1	6.239428	0.1602711	1	1	0.0002916302	1	peak_3540,peak_3541,peak_3542	ENSMUSG00000109903
Ensembl Genes	13637	Yrdc	371	0.044966	1	1	21.73529	0.04600812	1	0.000009114129	0.0001980983	1	0.1602711	1	1	6.239428	0.1602711	1	1	0.0002916302	1	peak_3424	Yrdc
Ensembl Genes	21125	Olfr1324	372	0.0450449	1	1	3.829721	0.7833469	3	0.0001551797	0.0005942948	1	0.1602711	1	1	6.239428	0.1602711	1	1	0.0002916302	1	peak_4880,peak_4881,peak_4882	Olfr1324
Ensembl Genes	17157	Zfp27	373	0.04516264	1	1	21.63844	0.04621404	1	0.000009154921	0.0001980983	1	0.1602711	1	1	6.239428	0.1602711	1	1	0.0002916302	1	peak_4195	Zfp27
Ensembl Genes	8034	Grm4	374	0.0451979	1	1	5.956836	0.3357487	2	0.00006651123	0.0003961965	1	0.1602711	1	1	6.239428	0.1602711	1	1	0.0002916302	1	peak_2078,peak_2079	Grm4
Ensembl Genes	19485	Usp10	375	0.04524638	1	1	21.59746	0.04630175	1	0.000009172296	0.0001980983	1	0.1602711	1	1	6.239428	0.1602711	1	1	0.0002916302	1	peak_4566	Usp10
Ensembl Genes	15524	Opn1sw	376	0.04525548	1	1	21.59301	0.04631128	1	0.000009174185	0.0001980983	1	0.1602711	1	1	6.239428	0.1602711	1	1	0.0002916302	1	peak_3947	Opn1sw
Ensembl Genes	10693	Olfr1090	377	0.04543751	1	1	21.50447	0.04650195	1	0.000009211956	0.0001980983	1	0.1602711	1	1	6.239428	0.1602711	1	1	0.0002916302	1	peak_2652	Olfr1090
Ensembl Genes	2127	Esyt1	378	0.04572139	1	1	21.3678	0.04679939	1	0.000009270878	0.0001980983	1	0.1602711	1	1	6.239428	0.1602711	1	1	0.0002916302	1	peak_686	Esyt1
Ensembl Genes	7640	Dnajc28	379	0.0457778	1	1	21.34085	0.0468585	1	0.000009282587	0.0001980983	1	0.1602711	1	1	6.239428	0.1602711	1	1	0.0002916302	1	peak_1989	Dnajc28
Ensembl Genes	16162	Cand2	380	0.04595608	1	1	21.25608	0.04704535	1	0.000009319603	0.0001980983	1	0.1602711	1	1	6.239428	0.1602711	1	1	0.0002916302	1	peak_4088	Cand2
Ensembl Genes	5624	Gprin2	381	0.0459961	1	1	21.23715	0.0470873	1	0.000009327912	0.0001980983	1	0.1602711	1	1	6.239428	0.1602711	1	1	0.0002916302	1	peak_1467	Gprin2
Ensembl Genes	17714	Tyr	382	0.0460266	1	1	5.896396	0.3391903	2	0.000067193	0.0003961965	1	0.1602711	1	1	6.239428	0.1602711	1	1	0.0002916302	1	peak_4250,peak_4251	Tyr
Ensembl Genes	14984	Lhx5	383	0.04615427	1	1	5.887229	0.3397184	2	0.00006729762	0.0003961965	1	0.1602711	1	1	6.239428	0.1602711	1	1	0.0002916302	1	peak_3797,peak_3798	Lhx5
Ensembl Genes	1941	Nts	384	0.04626162	1	1	3.788018	0.7919708	3	0.000156888	0.0005942948	1	0.1602711	1	1	6.239428	0.1602711	1	1	0.0002916302	1	peak_627,peak_628,peak_629	Nts
Ensembl Genes	14302	Gm7347	385	0.0463071	1	1	21.09111	0.04741334	1	0.000009392501	0.0001980983	1	0.1602711	1	1	6.239428	0.1602711	1	1	0.0002916302	1	peak_3565	Gm7347
Ensembl Genes	19729	S1pr2	386	0.04632892	1	1	21.08094	0.04743622	1	0.000009397033	0.0001980983	1	0.1602711	1	1	6.239428	0.1602711	1	1	0.0002916302	1	peak_4639	S1pr2
Ensembl Genes	2045	Srgap1	387	0.04640584	1	1	5.869276	0.3407575	2	0.00006750348	0.0003961965	1	0.1602711	1	1	6.239428	0.1602711	1	1	0.0002916302	1	peak_674,peak_675	Srgap1
Ensembl Genes	15505	Tmem229a	388	0.0465328	1	1	3.778921	0.7938775	3	0.0001572657	0.0005942948	1	0.1602711	1	1	6.239428	0.1602711	1	1	0.0002916302	1	peak_3937,peak_3938,peak_3939	Tmem229a
Ensembl Genes	3711	Unk	389	0.04654892	1	1	20.9789	0.04766693	1	0.000009442736	0.0001980983	1	0.1602711	1	1	6.239428	0.1602711	1	1	0.0002916302	1	peak_909	Unk
Ensembl Genes	1667	Olfr8	390	0.04656346	1	1	20.97219	0.04768219	1	0.000009445758	0.0001980983	1	0.1602711	1	1	6.239428	0.1602711	1	1	0.0002916302	1	peak_578	Olfr8
Ensembl Genes	14711	C87414	391	0.04663569	1	1	5.852999	0.3417052	2	0.0000676912	0.0003961965	1	0.1602711	1	1	6.239428	0.1602711	1	1	0.0002916302	1	peak_3705,peak_3706	C87414
Ensembl Genes	3865	Ncoa1	392	0.04670098	1	1	5.848398	0.341974	2	0.00006774445	0.0003961965	1	0.1602711	1	1	6.239428	0.1602711	1	1	0.0002916302	1	peak_934,peak_935	Ncoa1
Ensembl Genes	15451	Rpa3	393	0.04673615	1	1	20.89283	0.04786332	1	0.00000948164	0.0001980983	1	0.1602711	1	1	6.239428	0.1602711	1	1	0.0002916302	1	peak_3901	Rpa3
Ensembl Genes	20238	Smad6	394	0.04680291	1	1	5.841233	0.3423935	2	0.00006782755	0.0003961965	1	0.1602711	1	1	6.239428	0.1602711	1	1	0.0002916302	1	peak_4724,peak_4725	Smad6
Ensembl Genes	15205	Muc3a	395	0.04691062	1	1	20.81323	0.04804636	1	0.0000095179	0.0001980983	1	0.1602711	1	1	6.239428	0.1602711	1	1	0.0002916302	1	peak_3856	Muc3a
Ensembl Genes	5215	Zfp366	396	0.0470321	1	1	5.825208	0.3433354	2	0.00006801414	0.0003961965	1	0.1602711	1	1	6.239428	0.1602711	1	1	0.0002916302	1	peak_1369,peak_1370	Zfp366
Ensembl Genes	3253	Xylt2	397	0.047036	1	1	20.7564	0.04817792	1	0.000009543962	0.0001980983	1	0.1602711	1	1	6.239428	0.1602711	1	1	0.0002916302	1	peak_861	Xylt2
Ensembl Genes	3646	Slc39a11	398	0.04713	1	1	3.75913	0.7980569	3	0.0001580937	0.0005942948	1	0.1602711	1	1	6.239428	0.1602711	1	1	0.0002916302	1	peak_895,peak_896,peak_897	Slc39a11
Ensembl Genes	6293	Adamts12	399	0.0473869	1	1	5.800629	0.3447902	2	0.00006830233	0.0003961965	1	0.1602711	1	1	6.239428	0.1602711	1	1	0.0002916302	1	peak_1634,peak_1635	Adamts12
Ensembl Genes	1378	Traf3ip2	400	0.04753926	1	1	5.790159	0.3454137	2	0.00006842584	0.0003961965	1	0.1602711	1	1	6.239428	0.1602711	1	1	0.0002916302	1	peak_481,peak_482	Traf3ip2
Ensembl Genes	9390	Cdc42ep2	401	0.04783333	1	1	20.40194	0.04901495	1	0.000009709777	0.0001980983	1	0.1602711	1	1	6.239428	0.1602711	1	1	0.0002916302	1	peak_2376	Cdc42ep2
Ensembl Genes	12440	Ankrd35	402	0.0479114	1	1	20.36787	0.04909694	1	0.000009726018	0.0001980983	1	0.1602711	1	1	6.239428	0.1602711	1	1	0.0002916302	1	peak_2996	Ankrd35
Ensembl Genes	15097	Dhx37	403	0.04796041	1	1	20.34653	0.04914842	1	0.000009736216	0.0001980983	1	0.1602711	1	1	6.239428	0.1602711	1	1	0.0002916302	1	peak_3822	Dhx37
Ensembl Genes	19059	Hsh2d	404	0.04802031	1	1	20.32052	0.04921134	1	0.000009748681	0.0001980983	1	0.1602711	1	1	6.239428	0.1602711	1	1	0.0002916302	1	peak_4477	Hsh2d
Ensembl Genes	9602	Olfr1458	405	0.04803846	1	1	20.31265	0.04923041	1	0.000009752458	0.0001980983	1	0.1602711	1	1	6.239428	0.1602711	1	1	0.0002916302	1	peak_2387	Olfr1458
Ensembl Genes	7243	2510009E07Rik	406	0.04808212	1	1	5.753256	0.3476292	2	0.00006886474	0.0003961965	1	0.1602711	1	1	6.239428	0.1602711	1	1	0.0002916302	1	peak_1831,peak_1832	2510009E07Rik
Ensembl Genes	14189	Adam22	407	0.0484445	1	1	5.728967	0.3491031	2	0.00006915671	0.0003961965	1	0.1602711	1	1	6.239428	0.1602711	1	1	0.0002916302	1	peak_3520,peak_3521	Adam22
Ensembl Genes	2056	Avil	408	0.04847762	1	1	20.12404	0.04969182	1	0.000009843863	0.0001980983	1	0.1602711	1	1	6.239428	0.1602711	1	1	0.0002916302	1	peak_684	Avil
Ensembl Genes	16981	Zfp112	409	0.04865358	1	1	20.04941	0.04987677	1	0.000009880501	0.0001980983	1	0.1602711	1	1	6.239428	0.1602711	1	1	0.0002916302	1	peak_4183	Zfp112
Ensembl Genes	20373	Mb21d1	410	0.04875516	1	1	20.00658	0.04998354	1	0.000009901653	0.0001980983	1	0.1602711	1	1	6.239428	0.1602711	1	1	0.0002916302	1	peak_4743	Mb21d1
Ensembl Genes	14102	Prdm16	411	0.04882577	1	1	5.703703	0.3506494	2	0.00006946303	0.0003961965	1	0.1602711	1	1	6.239428	0.1602711	1	1	0.0002916302	1	peak_3506,peak_3507	Prdm16
Ensembl Genes	8044	Taf11	412	0.04916497	1	1	19.83558	0.05041445	1	0.000009987015	0.0001980983	1	0.1602711	1	1	6.239428	0.1602711	1	1	0.0002916302	1	peak_2080	Taf11
Ensembl Genes	8017	Gm8225	413	0.04924293	1	1	19.80338	0.05049644	1	0.00001000326	0.0001980983	1	0.1602711	1	1	6.239428	0.1602711	1	1	0.0002916302	1	peak_2075	Gm8225
Ensembl Genes	12895	Cnbd1	414	0.04937856	1	1	2.939473	1.360788	4	0.0002695697	0.000792393	1	0.1602711	1	1	6.239428	0.1602711	1	1	0.0002916302	1	peak_3150,peak_3151,peak_3152,peak_3153	Cnbd1
Ensembl Genes	3820	Aspscr1	415	0.04938613	1	1	19.74448	0.05064707	1	0.0000100331	0.0001980983	1	0.1602711	1	1	6.239428	0.1602711	1	1	0.0002916302	1	peak_927	Aspscr1
Ensembl Genes	13017	Dnajb5	416	0.04950031	1	1	19.69776	0.05076719	1	0.00001005689	0.0001980983	1	0.1602711	1	1	6.239428	0.1602711	1	1	0.0002916302	1	peak_3208	Dnajb5
Ensembl Genes	16893	Gm4141	417	0.04951118	1	1	19.69332	0.05077863	1	0.00001005916	0.0001980983	1	0.1602711	1	1	6.239428	0.1602711	1	1	0.0002916302	1	peak_4180	Gm4141
Ensembl Genes	5860	Rem2	418	0.04959998	1	1	19.65716	0.05087206	1	0.00001007767	0.0001980983	1	0.1602711	1	1	6.239428	0.1602711	1	1	0.0002916302	1	peak_1509	Rem2
Ensembl Genes	782	Kcnt2	419	0.04964937	1	1	2.542547	1.966532	5	0.0003895665	0.0009904913	1	0.1602711	1	1	6.239428	0.1602711	1	1	0.0002916302	1	peak_322,peak_323,peak_324,peak_325,peak_326	Kcnt2
Ensembl Genes	905	Mettl18	420	0.04966703	1	1	19.62994	0.0509426	1	0.00001009164	0.0001980983	1	0.1602711	1	1	6.239428	0.1602711	1	1	0.0002916302	1	peak_364	Mettl18
Ensembl Genes	3440	Krt16	421	0.04970689	1	1	19.61378	0.05098455	1	0.00001009995	0.0001980983	1	0.1602711	1	1	6.239428	0.1602711	1	1	0.0002916302	1	peak_873	Krt16
Ensembl Genes	8312	Rnf39	422	0.04981198	1	1	19.57133	0.05109514	1	0.00001012186	0.0001980983	1	0.1602711	1	1	6.239428	0.1602711	1	1	0.0002916302	1	peak_2107	Rnf39
Ensembl Genes	3705	Smim5	423	0.04982466	1	1	19.56622	0.05110848	1	0.0000101245	0.0001980983	1	0.1602711	1	1	6.239428	0.1602711	1	1	0.0002916302	1	peak_908	Smim5
Ensembl Genes	6154	Kbtbd7	424	0.05023583	1	1	19.40192	0.0515413	1	0.00001021024	0.0001980983	1	0.1602711	1	1	6.239428	0.1602711	1	1	0.0002916302	1	peak_1554	Kbtbd7
Ensembl Genes	19490	Fam92b	425	0.05036079	1	1	5.604897	0.3568308	2	0.00007068757	0.0003961965	1	0.1602711	1	1	6.239428	0.1602711	1	1	0.0002916302	1	peak_4569,peak_4570	Fam92b
Ensembl Genes	19020	Map1s	426	0.0506005	1	1	5.589873	0.3577899	2	0.00007087755	0.0003961965	1	0.1602711	1	1	6.239428	0.1602711	1	1	0.0002916302	1	peak_4475,peak_4476	Map1s
Ensembl Genes	19695	Olfr855	427	0.05085134	1	1	19.16092	0.05218957	1	0.00001033866	0.0001980983	1	0.1602711	1	1	6.239428	0.1602711	1	1	0.0002916302	1	peak_4636	Olfr855
Ensembl Genes	2812	Chd3	428	0.05096715	1	1	19.11622	0.0523116	1	0.00001036284	0.0001980983	1	0.1602711	1	1	6.239428	0.1602711	1	1	0.0002916302	1	peak_819	Chd3
Ensembl Genes	8573	Acer1	429	0.05096896	1	1	19.11552	0.0523135	1	0.00001036321	0.0001980983	1	0.1602711	1	1	6.239428	0.1602711	1	1	0.0002916302	1	peak_2152	Acer1
Ensembl Genes	821	Lamc2	430	0.05119463	1	1	5.553089	0.3601599	2	0.00007134705	0.0003961965	1	0.1602711	1	1	6.239428	0.1602711	1	1	0.0002916302	1	peak_345,peak_346	Lamc2
Ensembl Genes	1279	Map7	431	0.05124828	1	1	5.549799	0.3603734	2	0.00007138935	0.0003961965	1	0.1602711	1	1	6.239428	0.1602711	1	1	0.0002916302	1	peak_443,peak_444	Map7
Ensembl Genes	11148	Duox1	432	0.05128557	1	1	18.99437	0.05264717	1	0.00001042931	0.0001980983	1	0.1602711	1	1	6.239428	0.1602711	1	1	0.0002916302	1	peak_2697	Duox1
Ensembl Genes	2167	Olfr782	433	0.05128919	1	1	18.993	0.05265099	1	0.00001043007	0.0001980983	1	0.1602711	1	1	6.239428	0.1602711	1	1	0.0002916302	1	peak_687	Olfr782
Ensembl Genes	13055	Ccin	434	0.05133261	1	1	18.9765	0.05269675	1	0.00001043913	0.0001980983	1	0.1602711	1	1	6.239428	0.1602711	1	1	0.0002916302	1	peak_3212	Ccin
Ensembl Genes	4448	Xrcc3	435	0.05137421	1	1	18.96072	0.0527406	1	0.00001044782	0.0001980983	1	0.1602711	1	1	6.239428	0.1602711	1	1	0.0002916302	1	peak_1141	Xrcc3
Ensembl Genes	8049	Def6	436	0.05138687	1	1	18.95593	0.05275395	1	0.00001045046	0.0001980983	1	0.1602711	1	1	6.239428	0.1602711	1	1	0.0002916302	1	peak_2083	Def6
Ensembl Genes	14030	Mtor	437	0.05170696	1	1	18.83543	0.05309143	1	0.00001051732	0.0001980983	1	0.1602711	1	1	6.239428	0.1602711	1	1	0.0002916302	1	peak_3483	Mtor
Ensembl Genes	7456	Retnla	438	0.05176301	1	1	18.81449	0.05315054	1	0.00001052903	0.0001980983	1	0.1602711	1	1	6.239428	0.1602711	1	1	0.0002916302	1	peak_1889	Retnla
Ensembl Genes	7675	Psmg1	439	0.05181051	1	1	5.515626	0.3626062	2	0.00007183165	0.0003961965	1	0.1602711	1	1	6.239428	0.1602711	1	1	0.0002916302	1	peak_2007,peak_2008	Psmg1
Ensembl Genes	8028	Ggnbp1	440	0.05184436	1	1	18.78416	0.05323634	1	0.00001054603	0.0001980983	1	0.1602711	1	1	6.239428	0.1602711	1	1	0.0002916302	1	peak_2077	Ggnbp1
Ensembl Genes	1575	Lrrc75b	441	0.05189317	1	1	18.76602	0.05328782	1	0.00001055622	0.0001980983	1	0.1602711	1	1	6.239428	0.1602711	1	1	0.0002916302	1	peak_565	Lrrc75b
Ensembl Genes	2631	Sh3bp5l	442	0.0519221	1	1	18.75528	0.05331832	1	0.00001056227	0.0001980983	1	0.1602711	1	1	6.239428	0.1602711	1	1	0.0002916302	1	peak_803	Sh3bp5l
Ensembl Genes	9925	Sorcs3	443	0.05219982	1	1	2.505813	1.995361	5	0.0003952775	0.0009904913	1	0.1602711	1	1	6.239428	0.1602711	1	1	0.0002916302	1	peak_2458,peak_2459,peak_2460,peak_2461,peak_2462	Sorcs3
Ensembl Genes	883	Fasl	444	0.05221372	1	1	5.491457	0.3642021	2	0.00007214779	0.0003961965	1	0.1602711	1	1	6.239428	0.1602711	1	1	0.0002916302	1	peak_357,peak_358	Fasl
Ensembl Genes	2889	4930544D05Rik	445	0.05227092	1	1	18.62672	0.05368631	1	0.00001063516	0.0001980983	1	0.1602711	1	1	6.239428	0.1602711	1	1	0.0002916302	1	peak_822	4930544D05Rik
Ensembl Genes	2365	Fancl	446	0.05236818	1	1	5.482273	0.3648122	2	0.00007226866	0.0003961965	1	0.1602711	1	1	6.239428	0.1602711	1	1	0.0002916302	1	peak_744,peak_745	Fancl
Ensembl Genes	7513	Olfr196	447	0.05242812	1	1	18.56935	0.05385219	1	0.00001066803	0.0001980983	1	0.1602711	1	1	6.239428	0.1602711	1	1	0.0002916302	1	peak_1908	Olfr196
Ensembl Genes	13396	Pars2	448	0.0524498	1	1	18.56146	0.05387507	1	0.00001067256	0.0001980983	1	0.1602711	1	1	6.239428	0.1602711	1	1	0.0002916302	1	peak_3382	Pars2
Ensembl Genes	3274	Zfp652	449	0.05255639	1	1	18.52278	0.05398757	1	0.00001069484	0.0001980983	1	0.1602711	1	1	6.239428	0.1602711	1	1	0.0002916302	1	peak_865	Zfp652
Ensembl Genes	8516	Efhb	450	0.05266641	1	1	3.590122	0.8356261	3	0.0001655361	0.0005942948	1	0.1602711	1	1	6.239428	0.1602711	1	1	0.0002916302	1	peak_2141,peak_2142,peak_2143	Efhb
Ensembl Genes	16888	Vmn1r101	451	0.05287608	1	1	18.40771	0.05432505	1	0.0000107617	0.0001980983	1	0.1602711	1	1	6.239428	0.1602711	1	1	0.0002916302	1	peak_4179	Vmn1r101
Ensembl Genes	13854	C1qb	452	0.05298985	1	1	18.3671	0.05444517	1	0.00001078549	0.0001980983	1	0.1602711	1	1	6.239428	0.1602711	1	1	0.0002916302	1	peak_3455	C1qb
Ensembl Genes	13492	Nsun4	453	0.05302054	1	1	18.35617	0.05447758	1	0.00001079191	0.0001980983	1	0.1602711	1	1	6.239428	0.1602711	1	1	0.0002916302	1	peak_3402	Nsun4
Ensembl Genes	17721	Me3	454	0.05318272	1	1	5.434499	0.3680192	2	0.00007290397	0.0003961965	1	0.1602711	1	1	6.239428	0.1602711	1	1	0.0002916302	1	peak_4254,peak_4255	Me3
Ensembl Genes	190	Wdr75	455	0.05336834	1	1	5.423765	0.3687476	2	0.00007304825	0.0003961965	1	0.1602711	1	1	6.239428	0.1602711	1	1	0.0002916302	1	peak_118,peak_119	Wdr75
Ensembl Genes	6300	Golph3	456	0.05354641	1	1	5.41352	0.3694454	2	0.00007318649	0.0003961965	1	0.1602711	1	1	6.239428	0.1602711	1	1	0.0002916302	1	peak_1638,peak_1639	Golph3
Ensembl Genes	13626	Mycbp	457	0.05358372	1	1	18.15789	0.05507247	1	0.00001090976	0.0001980983	1	0.1602711	1	1	6.239428	0.1602711	1	1	0.0002916302	1	peak_3420	Mycbp
Ensembl Genes	8150	Pram1	458	0.05358553	1	1	18.15727	0.05507437	1	0.00001091014	0.0001980983	1	0.1602711	1	1	6.239428	0.1602711	1	1	0.0002916302	1	peak_2100	Pram1
Ensembl Genes	15045	Orai1	459	0.05371725	1	1	18.11149	0.05521356	1	0.00001093771	0.0001980983	1	0.1602711	1	1	6.239428	0.1602711	1	1	0.0002916302	1	peak_3810	Orai1
Ensembl Genes	18550	Fgf4	460	0.05373529	1	1	18.10524	0.05523263	1	0.00001094149	0.0001980983	1	0.1602711	1	1	6.239428	0.1602711	1	1	0.0002916302	1	peak_4333	Fgf4
Ensembl Genes	19878	Olfr875	461	0.05374972	1	1	18.10024	0.05524788	1	0.00001094451	0.0001980983	1	0.1602711	1	1	6.239428	0.1602711	1	1	0.0002916302	1	peak_4665	Olfr875
Ensembl Genes	6717	Cyp2d10	462	0.0541123	1	1	17.97555	0.05563112	1	0.00001102043	0.0001980983	1	0.1602711	1	1	6.239428	0.1602711	1	1	0.0002916302	1	peak_1768	Cyp2d10
Ensembl Genes	5547	Arhgef3	463	0.05412291	1	1	5.380696	0.3716991	2	0.00007363294	0.0003961965	1	0.1602711	1	1	6.239428	0.1602711	1	1	0.0002916302	1	peak_1459,peak_1460	Arhgef3
Ensembl Genes	19927	Olfr933	464	0.05424936	1	1	17.92885	0.05577603	1	0.00001104913	0.0001980983	1	0.1602711	1	1	6.239428	0.1602711	1	1	0.0002916302	1	peak_4668	Olfr933
Ensembl Genes	5987	Spata13	465	0.05425735	1	1	5.373117	0.3722234	2	0.00007373682	0.0003961965	1	0.1602711	1	1	6.239428	0.1602711	1	1	0.0002916302	1	peak_1518,peak_1519	Spata13
Ensembl Genes	289	4933402D24Rik	466	0.05436401	1	1	5.367123	0.3726391	2	0.00007381916	0.0003961965	1	0.1602711	1	1	6.239428	0.1602711	1	1	0.0002916302	1	peak_156,peak_157	4933402D24Rik
Ensembl Genes	16648	Aurkc	467	0.05437087	1	1	5.366739	0.3726658	2	0.00007382444	0.0003961965	1	0.1602711	1	1	6.239428	0.1602711	1	1	0.0002916302	1	peak_4154,peak_4155	Aurkc
Ensembl Genes	1082	Gm16432	468	0.05439877	1	1	5.365174	0.3727745	2	0.00007384597	0.0003961965	1	0.1602711	1	1	6.239428	0.1602711	1	1	0.0002916302	1	peak_383,peak_384	Gm16432
Ensembl Genes	279	Nrp2	469	0.0544469	1	1	2.843741	1.406598	4	0.0002786446	0.000792393	1	0.1602711	1	1	6.239428	0.1602711	1	1	0.0002916302	1	peak_152,peak_153,peak_154,peak_155	Nrp2
Ensembl Genes	1679	Theg	470	0.0545144	1	1	17.8392	0.05605631	1	0.00001110466	0.0001980983	1	0.1602711	1	1	6.239428	0.1602711	1	1	0.0002916302	1	peak_579	Theg
Ensembl Genes	17925	Olfr635	471	0.05453423	1	1	17.83253	0.05607729	1	0.00001110881	0.0001980983	1	0.1602711	1	1	6.239428	0.1602711	1	1	0.0002916302	1	peak_4274	Olfr635
Ensembl Genes	5652	Mat1a	472	0.0545829	1	1	17.81618	0.05612877	1	0.00001111901	0.0001980983	1	0.1602711	1	1	6.239428	0.1602711	1	1	0.0002916302	1	peak_1482	Mat1a
Ensembl Genes	9858	Sec31b	473	0.05501904	1	1	17.67091	0.05659018	1	0.00001121042	0.0001980983	1	0.1602711	1	1	6.239428	0.1602711	1	1	0.0002916302	1	peak_2441	Sec31b
Ensembl Genes	16737	Lig1	474	0.05503886	1	1	17.66436	0.05661115	1	0.00001121457	0.0001980983	1	0.1602711	1	1	6.239428	0.1602711	1	1	0.0002916302	1	peak_4163	Lig1
Ensembl Genes	18980	Tmem161a	475	0.05517038	1	1	17.62104	0.05675034	1	0.00001124214	0.0001980983	1	0.1602711	1	1	6.239428	0.1602711	1	1	0.0002916302	1	peak_4473	Tmem161a
Ensembl Genes	6079	Chmp7	476	0.05557563	1	1	17.48883	0.05717934	1	0.00001132713	0.0001980983	1	0.1602711	1	1	6.239428	0.1602711	1	1	0.0002916302	1	peak_1532	Chmp7
Ensembl Genes	17703	Olfr298	477	0.05563685	1	1	17.46903	0.05724417	1	0.00001133997	0.0001980983	1	0.1602711	1	1	6.239428	0.1602711	1	1	0.0002916302	1	peak_4249	Olfr298
Ensembl Genes	19944	Olfr957	478	0.05565486	1	1	17.46321	0.05726324	1	0.00001134375	0.0001980983	1	0.1602711	1	1	6.239428	0.1602711	1	1	0.0002916302	1	peak_4670	Olfr957
Ensembl Genes	2178	Olfr796	479	0.0558475	1	1	17.40121	0.05746725	1	0.00001138416	0.0001980983	1	0.1602711	1	1	6.239428	0.1602711	1	1	0.0002916302	1	peak_688	Olfr796
Ensembl Genes	10444	Acvr1	480	0.05588089	1	1	5.283747	0.3785193	2	0.00007498401	0.0003961965	1	0.1602711	1	1	6.239428	0.1602711	1	1	0.0002916302	1	peak_2601,peak_2602	Acvr1
Ensembl Genes	9393	Capn1	481	0.05598431	1	1	17.35745	0.05761216	1	0.00001141287	0.0001980983	1	0.1602711	1	1	6.239428	0.1602711	1	1	0.0002916302	1	peak_2377	Capn1
Ensembl Genes	13410	Dio1	482	0.05598971	1	1	17.35572	0.05761788	1	0.000011414	0.0001980983	1	0.1602711	1	1	6.239428	0.1602711	1	1	0.0002916302	1	peak_3384	Dio1
Ensembl Genes	20557	Dock3	483	0.05609158	1	1	5.272433	0.3793315	2	0.00007514492	0.0003961965	1	0.1602711	1	1	6.239428	0.1602711	1	1	0.0002916302	1	peak_4792,peak_4793	Dock3
Ensembl Genes	18729	Nek3	484	0.05629565	1	1	17.25863	0.05794202	1	0.00001147821	0.0001980983	1	0.1602711	1	1	6.239428	0.1602711	1	1	0.0002916302	1	peak_4371	Nek3
Ensembl Genes	2743	Gm10428	485	0.05631184	1	1	17.25352	0.05795918	1	0.00001148161	0.0001980983	1	0.1602711	1	1	6.239428	0.1602711	1	1	0.0002916302	1	peak_808	Gm10428
Ensembl Genes	18432	Olfr46	486	0.05657631	1	1	17.17049	0.05823946	1	0.00001153713	0.0001980983	1	0.1602711	1	1	6.239428	0.1602711	1	1	0.0002916302	1	peak_4325	Olfr46
Ensembl Genes	1606	Ftcd	487	0.05681732	1	1	17.09549	0.05849495	1	0.00001158775	0.0001980983	1	0.1602711	1	1	6.239428	0.1602711	1	1	0.0002916302	1	peak_571	Ftcd
Ensembl Genes	18904	Hand2	488	0.05682756	1	1	3.477804	0.8626132	3	0.0001708822	0.0005942948	1	0.1602711	1	1	6.239428	0.1602711	1	1	0.0002916302	1	peak_4431,peak_4432,peak_4433	Hand2
Ensembl Genes	13394	Lexm	489	0.05684969	1	1	17.08547	0.05852927	1	0.00001159455	0.0001980983	1	0.1602711	1	1	6.239428	0.1602711	1	1	0.0002916302	1	peak_3381	Lexm
Ensembl Genes	13919	Spata21	490	0.05686407	1	1	17.08102	0.05854453	1	0.00001159757	0.0001980983	1	0.1602711	1	1	6.239428	0.1602711	1	1	0.0002916302	1	peak_3465	Spata21
Ensembl Genes	16706	Vmn1r82	491	0.0569414	1	1	17.05713	0.05862651	1	0.00001161381	0.0001980983	1	0.1602711	1	1	6.239428	0.1602711	1	1	0.0002916302	1	peak_4160	Vmn1r82
Ensembl Genes	14257	Orc5	492	0.05694959	1	1	5.227007	0.3826282	2	0.00007579798	0.0003961965	1	0.1602711	1	1	6.239428	0.1602711	1	1	0.0002916302	1	peak_3559,peak_3560	Orc5
Ensembl Genes	12887	Necab1	493	0.05704863	1	1	5.221828	0.3830076	2	0.00007587314	0.0003961965	1	0.1602711	1	1	6.239428	0.1602711	1	1	0.0002916302	1	peak_3137,peak_3138	Necab1
Ensembl Genes	15721	Svs1	494	0.05708164	1	1	17.01397	0.05877523	1	0.00001164327	0.0001980983	1	0.1602711	1	1	6.239428	0.1602711	1	1	0.0002916302	1	peak_3982	Svs1
Ensembl Genes	7533	Csnka2ip	495	0.0571525	1	1	3.469491	0.86468	3	0.0001712916	0.0005942948	1	0.1602711	1	1	6.239428	0.1602711	1	1	0.0002916302	1	peak_1921,peak_1922,peak_1923	Csnka2ip
Ensembl Genes	13313	Dmrta1	496	0.05727053	1	1	3.466487	0.8654294	3	0.00017144	0.0005942948	1	0.1602711	1	1	6.239428	0.1602711	1	1	0.0002916302	1	peak_3340,peak_3341,peak_3342	Dmrta1
Ensembl Genes	1945	Slc6a15	497	0.05730148	1	1	3.465701	0.8656258	3	0.000171479	0.0005942948	1	0.1602711	1	1	6.239428	0.1602711	1	1	0.0002916302	1	peak_631,peak_632,peak_633	Slc6a15
Ensembl Genes	6742	Pnpla5	498	0.05745013	1	1	16.90157	0.0591661	1	0.0000117207	0.0001980983	1	0.1602711	1	1	6.239428	0.1602711	1	1	0.0002916302	1	peak_1774	Pnpla5
Ensembl Genes	186	Mettl21e	499	0.0575248	1	1	5.19712	0.3848285	2	0.00007623385	0.0003961965	1	0.1602711	1	1	6.239428	0.1602711	1	1	0.0002916302	1	peak_111,peak_112	Mettl21e
Ensembl Genes	485	Ugt1a10	500	0.05763163	1	1	16.84674	0.05935868	1	0.00001175885	0.0001980983	1	0.1602711	1	1	6.239428	0.1602711	1	1	0.0002916302	1	peak_208	Ugt1a10
